Id,Label,Usage
1,5,Public
2,6,Public
3,3,Public
4,1,Public
5,5,Public
6,1,Public
7,5,Public
8,5,Public
9,1,Public
10,1,Public
11,1,Public
12,5,Public
13,3,Public
14,3,Public
15,3,Public
16,1,Public
17,3,Public
18,5,Public
19,4,Public
20,1,Public
21,1,Public
22,1,Public
23,5,Public
24,5,Public
25,5,Public
26,1,Public
27,3,Public
28,6,Public
29,1,Public
30,5,Public
31,5,Public
32,2,Public
33,7,Public
34,1,Public
35,1,Public
36,5,Public
37,1,Public
38,1,Public
39,7,Public
40,5,Public
41,1,Public
42,5,Public
43,1,Public
44,5,Public
45,5,Public
46,3,Public
47,4,Public
48,1,Public
49,5,Public
50,3,Public
51,5,Public
52,1,Public
53,5,Public
54,4,Public
55,3,Public
56,1,Public
57,5,Public
58,3,Public
59,1,Public
60,3,Public
61,5,Public
62,5,Public
63,5,Public
64,4,Public
65,5,Public
66,4,Public
67,5,Public
68,3,Public
69,2,Public
70,1,Public
71,4,Public
72,1,Public
73,1,Public
74,5,Public
75,2,Public
76,2,Public
77,2,Public
78,6,Public
79,5,Public
80,5,Public
81,1,Public
82,3,Public
83,5,Public
84,4,Public
85,5,Public
86,1,Public
87,1,Public
88,5,Public
89,5,Public
90,3,Public
91,4,Public
92,5,Public
93,5,Public
94,1,Public
95,3,Public
96,1,Public
97,1,Public
98,7,Public
99,2,Public
100,1,Public
101,2,Public
102,5,Public
103,1,Public
104,1,Public
105,1,Public
106,5,Public
107,5,Public
108,4,Public
109,1,Public
110,5,Public
111,7,Public
112,3,Public
113,2,Public
114,1,Public
115,3,Public
116,2,Public
117,3,Public
118,1,Public
119,5,Public
120,5,Public
121,1,Public
122,1,Public
123,1,Public
124,3,Public
125,4,Public
126,1,Public
127,1,Public
128,5,Public
129,2,Public
130,3,Public
131,5,Public
132,2,Public
133,1,Public
134,2,Public
135,3,Public
136,6,Public
137,1,Public
138,1,Public
139,5,Public
140,5,Public
141,1,Public
142,5,Public
143,1,Public
144,4,Public
145,1,Public
146,2,Public
147,1,Public
148,1,Public
149,2,Public
150,1,Public
151,5,Public
152,1,Public
153,1,Public
154,5,Public
155,5,Public
156,8,Public
157,5,Public
158,2,Public
159,5,Public
160,3,Public
161,1,Public
162,1,Public
163,6,Public
164,2,Public
165,2,Public
166,5,Public
167,5,Public
168,1,Public
169,1,Public
170,3,Public
171,1,Public
172,5,Public
173,5,Public
174,1,Public
175,1,Public
176,3,Public
177,5,Public
178,1,Public
179,2,Public
180,2,Public
181,1,Public
182,3,Public
183,5,Public
184,5,Public
185,5,Public
186,1,Public
187,5,Public
188,5,Public
189,2,Public
190,2,Public
191,1,Public
192,5,Public
193,3,Public
194,5,Public
195,3,Public
196,5,Public
197,1,Public
198,5,Public
199,3,Public
200,8,Public
201,1,Public
202,2,Public
203,4,Public
204,5,Public
205,1,Public
206,2,Public
207,3,Public
208,3,Public
209,5,Public
210,1,Public
211,5,Public
212,5,Public
213,1,Public
214,3,Public
215,3,Public
216,2,Public
217,2,Public
218,1,Public
219,1,Public
220,5,Public
221,1,Public
222,5,Public
223,4,Public
224,4,Public
225,2,Public
226,1,Public
227,3,Public
228,2,Public
229,6,Public
230,2,Public
231,1,Public
232,5,Public
233,2,Public
234,5,Public
235,5,Public
236,5,Public
237,2,Public
238,2,Public
239,5,Public
240,5,Public
241,5,Public
242,2,Public
243,3,Public
244,1,Public
245,2,Public
246,1,Public
247,2,Public
248,5,Public
249,3,Public
250,3,Public
251,3,Public
252,5,Public
253,5,Public
254,5,Public
255,5,Public
256,2,Public
257,1,Public
258,2,Public
259,3,Public
260,1,Public
261,5,Public
262,3,Public
263,4,Public
264,2,Public
265,2,Public
266,3,Public
267,1,Public
268,2,Public
269,1,Public
270,3,Public
271,2,Public
272,5,Public
273,2,Public
274,5,Public
275,5,Public
276,1,Public
277,2,Public
278,1,Public
279,1,Public
280,1,Public
281,5,Public
282,3,Public
283,5,Public
284,3,Public
285,5,Public
286,1,Public
287,4,Public
288,5,Public
289,4,Public
290,1,Public
291,3,Public
292,5,Public
293,2,Public
294,2,Public
295,2,Public
296,6,Public
297,2,Public
298,5,Public
299,5,Public
300,5,Public
301,1,Public
302,2,Public
303,2,Public
304,5,Public
305,5,Public
306,5,Public
307,5,Public
308,1,Public
309,3,Public
310,1,Public
311,1,Public
312,2,Public
313,5,Public
314,5,Public
315,3,Public
316,5,Public
317,3,Public
318,4,Public
319,3,Public
320,2,Public
321,2,Public
322,1,Public
323,3,Public
324,1,Public
325,5,Public
326,5,Public
327,5,Public
328,2,Public
329,5,Public
330,3,Public
331,4,Public
332,1,Public
333,1,Public
334,1,Public
335,1,Public
336,1,Public
337,1,Public
338,3,Public
339,2,Public
340,2,Public
341,2,Public
342,5,Public
343,2,Public
344,2,Public
345,5,Public
346,2,Public
347,5,Public
348,5,Public
349,4,Public
350,2,Public
351,4,Public
352,1,Public
353,1,Public
354,4,Public
355,5,Public
356,4,Public
357,1,Public
358,3,Public
359,8,Public
360,3,Public
361,5,Public
362,5,Public
363,5,Public
364,1,Public
365,2,Public
366,2,Public
367,5,Public
368,3,Public
369,5,Public
370,1,Public
371,6,Public
372,1,Public
373,1,Public
374,2,Public
375,1,Public
376,2,Public
377,4,Public
378,3,Public
379,2,Public
380,5,Public
381,2,Public
382,5,Public
383,1,Public
384,5,Public
385,2,Public
386,1,Public
387,2,Public
388,6,Public
389,5,Public
390,5,Public
391,1,Public
392,2,Public
393,4,Public
394,5,Public
395,4,Public
396,2,Public
397,2,Public
398,2,Public
399,3,Public
400,5,Public
401,5,Public
402,2,Public
403,2,Public
404,1,Public
405,4,Public
406,2,Public
407,5,Public
408,3,Public
409,1,Public
410,1,Public
411,5,Public
412,1,Public
413,3,Public
414,4,Public
415,1,Public
416,2,Public
417,2,Public
418,1,Public
419,1,Public
420,5,Public
421,4,Public
422,5,Public
423,1,Public
424,5,Public
425,1,Public
426,1,Public
427,3,Public
428,1,Public
429,2,Public
430,1,Public
431,1,Public
432,4,Public
433,1,Public
434,2,Public
435,5,Public
436,3,Public
437,6,Public
438,5,Public
439,2,Public
440,5,Public
441,5,Public
442,3,Public
443,1,Public
444,1,Public
445,1,Public
446,5,Public
447,1,Public
448,2,Public
449,5,Public
450,5,Public
451,2,Public
452,3,Public
453,5,Public
454,1,Public
455,8,Public
456,3,Public
457,5,Public
458,1,Public
459,1,Public
460,1,Public
461,1,Public
462,5,Public
463,2,Public
464,5,Public
465,1,Public
466,1,Public
467,1,Public
468,2,Public
469,2,Public
470,1,Public
471,5,Public
472,5,Public
473,3,Public
474,5,Public
475,1,Public
476,3,Public
477,1,Public
478,5,Public
479,1,Public
480,3,Public
481,5,Public
482,5,Public
483,2,Public
484,1,Public
485,1,Public
486,5,Public
487,5,Public
488,2,Public
489,3,Public
490,2,Public
491,5,Public
492,8,Public
493,5,Public
494,2,Public
495,1,Public
496,2,Public
497,2,Public
498,5,Public
499,2,Public
500,5,Public
501,2,Public
502,1,Public
503,1,Public
504,1,Public
505,4,Public
506,2,Public
507,5,Public
508,1,Public
509,5,Public
510,2,Public
511,1,Public
512,2,Public
513,5,Public
514,5,Public
515,1,Public
516,4,Public
517,5,Public
518,5,Public
519,5,Public
520,5,Public
521,2,Public
522,6,Public
523,1,Public
524,2,Public
525,5,Public
526,5,Public
527,2,Public
528,5,Public
529,2,Public
530,1,Public
531,1,Public
532,3,Public
533,3,Public
534,1,Public
535,2,Public
536,1,Public
537,5,Public
538,2,Public
539,2,Public
540,2,Public
541,5,Public
542,3,Public
543,1,Public
544,1,Public
545,1,Public
546,6,Public
547,2,Public
548,5,Public
549,2,Public
550,5,Public
551,3,Public
552,5,Public
553,5,Public
554,1,Public
555,2,Public
556,5,Public
557,2,Public
558,4,Public
559,3,Public
560,1,Public
561,1,Public
562,2,Public
563,5,Public
564,5,Public
565,3,Public
566,2,Public
567,5,Public
568,1,Public
569,1,Public
570,4,Public
571,2,Public
572,1,Public
573,5,Public
574,1,Public
575,2,Public
576,1,Public
577,5,Public
578,2,Public
579,5,Public
580,2,Public
581,1,Public
582,1,Public
583,3,Public
584,5,Public
585,1,Public
586,5,Public
587,1,Public
588,5,Public
589,1,Public
590,2,Public
591,3,Public
592,5,Public
593,1,Public
594,3,Public
595,5,Public
596,1,Public
597,4,Public
598,4,Public
599,1,Public
600,2,Public
601,5,Public
602,1,Public
603,2,Public
604,2,Public
605,1,Public
606,1,Public
607,3,Public
608,5,Public
609,2,Public
610,5,Public
611,2,Public
612,3,Public
613,1,Public
614,6,Public
615,5,Public
616,1,Public
617,4,Public
618,5,Public
619,3,Public
620,1,Public
621,1,Public
622,3,Public
623,1,Public
624,2,Public
625,5,Public
626,2,Public
627,5,Public
628,2,Public
629,4,Public
630,1,Public
631,1,Public
632,2,Public
633,2,Public
634,1,Public
635,1,Public
636,1,Public
637,2,Public
638,2,Public
639,2,Public
640,2,Public
641,3,Public
642,4,Public
643,1,Public
644,1,Public
645,5,Public
646,4,Public
647,1,Public
648,4,Public
649,5,Public
650,2,Public
651,5,Public
652,1,Public
653,5,Public
654,1,Public
655,4,Public
656,5,Public
657,2,Public
658,5,Public
659,5,Public
660,2,Public
661,1,Public
662,5,Public
663,5,Public
664,5,Public
665,1,Public
666,3,Public
667,3,Public
668,5,Public
669,2,Public
670,5,Public
671,5,Public
672,5,Public
673,2,Public
674,5,Public
675,5,Public
676,2,Public
677,5,Public
678,3,Public
679,2,Public
680,4,Public
681,1,Public
682,2,Public
683,1,Public
684,3,Public
685,5,Public
686,5,Public
687,2,Public
688,1,Public
689,1,Public
690,3,Public
691,5,Public
692,2,Public
693,3,Public
694,5,Public
695,2,Public
696,5,Public
697,4,Public
698,1,Public
699,5,Public
700,1,Public
701,1,Public
702,1,Public
703,5,Public
704,5,Public
705,3,Public
706,5,Public
707,4,Public
708,1,Public
709,4,Public
710,1,Public
711,3,Public
712,5,Public
713,3,Public
714,2,Public
715,2,Public
716,2,Public
717,5,Public
718,1,Public
719,3,Public
720,5,Public
721,5,Public
722,1,Public
723,5,Public
724,1,Public
725,5,Public
726,1,Public
727,6,Public
728,5,Public
729,1,Public
730,1,Public
731,3,Public
732,3,Public
733,2,Public
734,1,Public
735,2,Public
736,2,Public
737,2,Public
738,5,Public
739,2,Public
740,2,Public
741,3,Public
742,1,Public
743,5,Public
744,2,Public
745,2,Public
746,2,Public
747,5,Public
748,2,Public
749,5,Public
750,1,Public
751,1,Public
752,2,Public
753,1,Public
754,4,Public
755,4,Public
756,5,Public
757,5,Public
758,1,Public
759,1,Public
760,1,Public
761,3,Public
762,2,Public
763,2,Public
764,5,Public
765,5,Public
766,1,Public
767,1,Public
768,4,Public
769,2,Public
770,1,Public
771,3,Public
772,3,Public
773,1,Public
774,2,Public
775,5,Public
776,2,Public
777,5,Public
778,5,Public
779,5,Public
780,5,Public
781,5,Public
782,2,Public
783,5,Public
784,5,Public
785,3,Public
786,1,Public
787,1,Public
788,2,Public
789,5,Public
790,2,Public
791,1,Public
792,3,Public
793,1,Public
794,1,Public
795,5,Public
796,2,Public
797,5,Public
798,1,Public
799,1,Public
800,5,Public
801,1,Public
802,4,Public
803,5,Public
804,3,Public
805,1,Public
806,1,Public
807,1,Public
808,8,Public
809,3,Public
810,4,Public
811,1,Public
812,2,Public
813,1,Public
814,5,Public
815,5,Public
816,1,Public
817,2,Public
818,3,Public
819,1,Public
820,5,Public
821,2,Public
822,3,Public
823,5,Public
824,5,Public
825,5,Public
826,5,Public
827,5,Public
828,1,Public
829,1,Public
830,4,Public
831,5,Public
832,2,Public
833,2,Public
834,2,Public
835,1,Public
836,2,Public
837,2,Public
838,4,Public
839,2,Public
840,3,Public
841,2,Public
842,4,Public
843,5,Public
844,1,Public
845,5,Public
846,1,Public
847,1,Public
848,2,Public
849,5,Public
850,1,Public
851,2,Public
852,1,Public
853,2,Public
854,2,Public
855,5,Public
856,1,Public
857,5,Public
858,1,Public
859,1,Public
860,2,Public
861,1,Public
862,2,Public
863,2,Public
864,5,Public
865,1,Public
866,5,Public
867,5,Public
868,2,Public
869,2,Public
870,5,Public
871,5,Public
872,6,Public
873,1,Public
874,5,Public
875,1,Public
876,5,Public
877,5,Public
878,2,Public
879,5,Public
880,3,Public
881,5,Public
882,5,Public
883,1,Public
884,1,Public
885,3,Public
886,2,Public
887,1,Public
888,2,Public
889,3,Public
890,1,Public
891,3,Public
892,1,Public
893,2,Public
894,2,Public
895,4,Public
896,1,Public
897,1,Public
898,1,Public
899,2,Public
900,2,Public
901,3,Public
902,3,Public
903,3,Public
904,1,Public
905,5,Public
906,5,Public
907,2,Public
908,4,Public
909,3,Public
910,3,Public
911,5,Public
912,3,Public
913,1,Public
914,1,Public
915,2,Public
916,4,Public
917,1,Public
918,2,Public
919,1,Public
920,5,Public
921,3,Public
922,1,Public
923,4,Public
924,2,Public
925,5,Public
926,2,Public
927,5,Public
928,1,Public
929,5,Public
930,5,Public
931,3,Public
932,6,Public
933,5,Public
934,2,Public
935,4,Public
936,3,Public
937,2,Public
938,1,Public
939,5,Public
940,5,Public
941,2,Public
942,2,Public
943,2,Public
944,1,Public
945,6,Public
946,1,Public
947,1,Public
948,1,Public
949,5,Public
950,1,Public
951,4,Public
952,5,Public
953,2,Public
954,2,Public
955,5,Public
956,3,Public
957,1,Public
958,5,Public
959,1,Public
960,5,Public
961,4,Public
962,6,Public
963,1,Public
964,2,Public
965,5,Public
966,1,Public
967,2,Public
968,2,Public
969,2,Public
970,1,Public
971,1,Public
972,2,Public
973,3,Public
974,2,Public
975,2,Public
976,6,Public
977,2,Public
978,2,Public
979,1,Public
980,4,Public
981,1,Public
982,5,Public
983,5,Public
984,5,Public
985,5,Public
986,4,Public
987,4,Public
988,6,Public
989,5,Public
990,4,Public
991,1,Public
992,4,Public
993,5,Public
994,3,Public
995,2,Public
996,2,Public
997,1,Public
998,1,Public
999,5,Public
1000,1,Public
1001,4,Public
1002,3,Public
1003,2,Public
1004,5,Public
1005,5,Public
1006,2,Public
1007,5,Public
1008,5,Public
1009,2,Public
1010,2,Public
1011,2,Public
1012,5,Public
1013,2,Public
1014,5,Public
1015,3,Public
1016,5,Public
1017,2,Public
1018,5,Public
1019,3,Public
1020,2,Public
1021,1,Public
1022,5,Public
1023,2,Public
1024,2,Public
1025,1,Public
1026,2,Public
1027,2,Public
1028,1,Public
1029,6,Public
1030,3,Public
1031,2,Public
1032,2,Public
1033,1,Public
1034,2,Public
1035,6,Public
1036,1,Public
1037,3,Public
1038,1,Public
1039,1,Public
1040,5,Public
1041,1,Public
1042,4,Public
1043,1,Public
1044,2,Public
1045,1,Public
1046,5,Public
1047,5,Public
1048,3,Public
1049,5,Public
1050,5,Public
1051,2,Public
1052,5,Public
1053,2,Public
1054,5,Public
1055,3,Public
1056,5,Public
1057,2,Public
1058,5,Public
1059,1,Public
1060,1,Public
1061,3,Public
1062,4,Public
1063,2,Public
1064,5,Public
1065,1,Public
1066,4,Public
1067,2,Public
1068,5,Public
1069,8,Public
1070,1,Public
1071,3,Public
1072,5,Public
1073,5,Public
1074,1,Public
1075,5,Public
1076,2,Public
1077,2,Public
1078,1,Public
1079,2,Public
1080,1,Public
1081,2,Public
1082,5,Public
1083,1,Public
1084,2,Public
1085,2,Public
1086,1,Public
1087,1,Public
1088,1,Public
1089,2,Public
1090,6,Public
1091,1,Public
1092,5,Public
1093,4,Public
1094,1,Public
1095,4,Public
1096,3,Public
1097,5,Public
1098,1,Public
1099,3,Public
1100,1,Public
1101,1,Public
1102,5,Public
1103,2,Public
1104,6,Public
1105,4,Public
1106,1,Public
1107,2,Public
1108,4,Public
1109,2,Public
1110,5,Public
1111,1,Public
1112,4,Public
1113,2,Public
1114,2,Public
1115,1,Public
1116,2,Public
1117,2,Public
1118,2,Public
1119,3,Public
1120,2,Public
1121,2,Public
1122,2,Public
1123,8,Public
1124,1,Public
1125,1,Public
1126,1,Public
1127,4,Public
1128,5,Public
1129,5,Public
1130,1,Public
1131,1,Public
1132,5,Public
1133,1,Public
1134,3,Public
1135,2,Public
1136,5,Public
1137,5,Public
1138,2,Public
1139,2,Public
1140,3,Public
1141,5,Public
1142,1,Public
1143,5,Public
1144,2,Public
1145,1,Public
1146,1,Public
1147,1,Public
1148,5,Public
1149,1,Public
1150,1,Public
1151,3,Public
1152,8,Public
1153,5,Public
1154,1,Public
1155,4,Public
1156,3,Public
1157,2,Public
1158,2,Public
1159,1,Public
1160,5,Public
1161,3,Public
1162,1,Public
1163,5,Public
1164,1,Public
1165,2,Public
1166,2,Public
1167,2,Public
1168,1,Public
1169,4,Public
1170,2,Public
1171,5,Public
1172,2,Public
1173,5,Public
1174,1,Public
1175,2,Public
1176,2,Public
1177,5,Public
1178,2,Public
1179,2,Public
1180,2,Public
1181,1,Public
1182,2,Public
1183,5,Public
1184,1,Public
1185,1,Public
1186,5,Public
1187,1,Public
1188,1,Public
1189,2,Public
1190,2,Public
1191,2,Public
1192,1,Public
1193,1,Public
1194,1,Public
1195,2,Public
1196,1,Public
1197,1,Public
1198,5,Public
1199,4,Public
1200,6,Public
1201,2,Public
1202,1,Public
1203,4,Public
1204,1,Public
1205,5,Public
1206,5,Public
1207,5,Public
1208,1,Public
1209,4,Public
1210,1,Public
1211,4,Public
1212,5,Public
1213,1,Public
1214,1,Public
1215,1,Public
1216,2,Public
1217,5,Public
1218,5,Public
1219,2,Public
1220,5,Public
1221,1,Public
1222,3,Public
1223,3,Public
1224,6,Public
1225,1,Public
1226,1,Public
1227,1,Public
1228,3,Public
1229,1,Public
1230,2,Public
1231,5,Public
1232,1,Public
1233,5,Public
1234,3,Public
1235,5,Public
1236,4,Public
1237,1,Public
1238,5,Public
1239,1,Public
1240,5,Public
1241,5,Public
1242,1,Public
1243,2,Public
1244,1,Public
1245,2,Public
1246,1,Public
1247,2,Public
1248,5,Public
1249,1,Public
1250,2,Public
1251,1,Public
1252,1,Public
1253,3,Public
1254,2,Public
1255,3,Public
1256,2,Public
1257,3,Public
1258,1,Public
1259,1,Public
1260,5,Public
1261,3,Public
1262,1,Public
1263,1,Public
1264,1,Public
1265,1,Public
1266,1,Public
1267,2,Public
1268,1,Public
1269,1,Public
1270,2,Public
1271,5,Public
1272,5,Public
1273,3,Public
1274,4,Public
1275,3,Public
1276,1,Public
1277,5,Public
1278,3,Public
1279,5,Public
1280,2,Public
1281,1,Public
1282,1,Public
1283,4,Public
1284,3,Public
1285,5,Public
1286,5,Public
1287,2,Public
1288,5,Public
1289,4,Public
1290,5,Public
1291,1,Public
1292,5,Public
1293,5,Public
1294,2,Public
1295,5,Public
1296,2,Public
1297,3,Public
1298,2,Public
1299,5,Public
1300,3,Public
1301,4,Public
1302,2,Public
1303,3,Public
1304,2,Public
1305,4,Public
1306,1,Public
1307,2,Public
1308,3,Public
1309,3,Public
1310,8,Public
1311,1,Public
1312,1,Public
1313,5,Public
1314,5,Public
1315,5,Public
1316,5,Public
1317,2,Public
1318,3,Public
1319,1,Public
1320,1,Public
1321,5,Public
1322,3,Public
1323,1,Public
1324,4,Public
1325,2,Public
1326,3,Public
1327,4,Public
1328,2,Public
1329,1,Public
1330,2,Public
1331,1,Public
1332,3,Public
1333,2,Public
1334,2,Public
1335,1,Public
1336,5,Public
1337,2,Public
1338,1,Public
1339,3,Public
1340,2,Public
1341,3,Public
1342,2,Public
1343,3,Public
1344,2,Public
1345,1,Public
1346,8,Public
1347,5,Public
1348,3,Public
1349,5,Public
1350,4,Public
1351,1,Public
1352,1,Public
1353,1,Public
1354,2,Public
1355,5,Public
1356,2,Public
1357,2,Public
1358,2,Public
1359,5,Public
1360,5,Public
1361,5,Public
1362,5,Public
1363,5,Public
1364,1,Public
1365,3,Public
1366,2,Public
1367,1,Public
1368,5,Public
1369,5,Public
1370,1,Public
1371,4,Public
1372,5,Public
1373,1,Public
1374,1,Public
1375,1,Public
1376,2,Public
1377,4,Public
1378,5,Public
1379,1,Public
1380,2,Public
1381,5,Public
1382,6,Public
1383,2,Public
1384,5,Public
1385,2,Public
1386,2,Public
1387,5,Public
1388,4,Public
1389,5,Public
1390,1,Public
1391,5,Public
1392,1,Public
1393,3,Public
1394,1,Public
1395,1,Public
1396,5,Public
1397,3,Public
1398,6,Public
1399,4,Public
1400,1,Public
1401,5,Public
1402,2,Public
1403,2,Public
1404,3,Public
1405,1,Public
1406,1,Public
1407,3,Public
1408,5,Public
1409,6,Public
1410,1,Public
1411,2,Public
1412,1,Public
1413,3,Public
1414,2,Public
1415,1,Public
1416,1,Public
1417,2,Public
1418,5,Public
1419,3,Public
1420,2,Public
1421,5,Public
1422,3,Public
1423,3,Public
1424,1,Public
1425,2,Public
1426,1,Public
1427,2,Public
1428,6,Public
1429,3,Public
1430,3,Public
1431,5,Public
1432,3,Public
1433,1,Public
1434,3,Public
1435,3,Public
1436,4,Public
1437,1,Public
1438,5,Public
1439,3,Public
1440,5,Public
1441,3,Public
1442,2,Public
1443,8,Public
1444,5,Public
1445,6,Public
1446,2,Public
1447,2,Public
1448,2,Public
1449,1,Public
1450,8,Public
1451,4,Public
1452,2,Public
1453,5,Public
1454,5,Public
1455,2,Public
1456,5,Public
1457,2,Public
1458,1,Public
1459,1,Public
1460,2,Public
1461,2,Public
1462,2,Public
1463,1,Public
1464,3,Public
1465,1,Public
1466,2,Public
1467,1,Public
1468,1,Public
1469,5,Public
1470,1,Public
1471,5,Public
1472,5,Public
1473,1,Public
1474,3,Public
1475,2,Public
1476,1,Public
1477,2,Public
1478,1,Public
1479,1,Public
1480,4,Public
1481,2,Public
1482,2,Public
1483,2,Public
1484,2,Public
1485,4,Public
1486,5,Public
1487,5,Public
1488,2,Public
1489,1,Public
1490,5,Public
1491,2,Public
1492,1,Public
1493,1,Public
1494,3,Public
1495,1,Public
1496,2,Public
1497,3,Public
1498,1,Public
1499,4,Public
1500,1,Public
1501,4,Public
1502,1,Public
1503,3,Public
1504,1,Public
1505,3,Public
1506,5,Public
1507,2,Public
1508,5,Public
1509,5,Public
1510,1,Public
1511,3,Public
1512,1,Public
1513,2,Public
1514,5,Public
1515,1,Public
1516,2,Public
1517,1,Public
1518,1,Public
1519,5,Public
1520,1,Public
1521,1,Public
1522,1,Public
1523,3,Public
1524,5,Public
1525,1,Public
1526,1,Public
1527,4,Public
1528,2,Public
1529,1,Public
1530,2,Public
1531,1,Public
1532,1,Public
1533,5,Public
1534,1,Public
1535,8,Public
1536,1,Public
1537,1,Public
1538,5,Public
1539,1,Public
1540,2,Public
1541,1,Public
1542,2,Public
1543,5,Public
1544,1,Public
1545,1,Public
1546,5,Public
1547,3,Public
1548,4,Public
1549,3,Public
1550,2,Public
1551,4,Public
1552,1,Public
1553,1,Public
1554,1,Public
1555,5,Public
1556,5,Public
1557,2,Public
1558,5,Public
1559,5,Public
1560,2,Public
1561,3,Public
1562,2,Public
1563,2,Public
1564,5,Public
1565,5,Public
1566,1,Public
1567,1,Public
1568,3,Public
1569,5,Public
1570,3,Public
1571,5,Public
1572,2,Public
1573,5,Public
1574,2,Public
1575,6,Public
1576,2,Public
1577,5,Public
1578,2,Public
1579,2,Public
1580,2,Public
1581,2,Public
1582,5,Public
1583,1,Public
1584,2,Public
1585,1,Public
1586,5,Public
1587,5,Public
1588,1,Public
1589,1,Public
1590,2,Public
1591,5,Public
1592,1,Public
1593,4,Public
1594,5,Public
1595,4,Public
1596,1,Public
1597,2,Public
1598,4,Public
1599,2,Public
1600,2,Public
1601,5,Public
1602,2,Public
1603,1,Public
1604,6,Public
1605,2,Public
1606,1,Public
1607,2,Public
1608,1,Public
1609,3,Public
1610,4,Public
1611,5,Public
1612,5,Public
1613,5,Public
1614,2,Public
1615,1,Public
1616,5,Public
1617,5,Public
1618,3,Public
1619,5,Public
1620,1,Public
1621,6,Public
1622,2,Public
1623,5,Public
1624,3,Public
1625,5,Public
1626,5,Public
1627,3,Public
1628,2,Public
1629,4,Public
1630,5,Public
1631,2,Public
1632,3,Public
1633,1,Public
1634,5,Public
1635,6,Public
1636,1,Public
1637,5,Public
1638,5,Public
1639,5,Public
1640,1,Public
1641,2,Public
1642,2,Public
1643,1,Public
1644,6,Public
1645,2,Public
1646,1,Public
1647,2,Public
1648,1,Public
1649,1,Public
1650,3,Public
1651,5,Public
1652,5,Public
1653,3,Public
1654,1,Public
1655,2,Public
1656,1,Public
1657,1,Public
1658,1,Public
1659,1,Public
1660,4,Public
1661,1,Public
1662,2,Public
1663,6,Public
1664,2,Public
1665,5,Public
1666,4,Public
1667,5,Public
1668,5,Public
1669,5,Public
1670,4,Public
1671,2,Public
1672,2,Public
1673,3,Public
1674,2,Public
1675,5,Public
1676,5,Public
1677,1,Public
1678,1,Public
1679,1,Public
1680,2,Public
1681,5,Public
1682,5,Public
1683,1,Public
1684,2,Public
1685,2,Public
1686,2,Public
1687,1,Public
1688,1,Public
1689,1,Public
1690,1,Public
1691,4,Public
1692,3,Public
1693,1,Public
1694,3,Public
1695,1,Public
1696,4,Public
1697,5,Public
1698,3,Public
1699,5,Public
1700,3,Public
1701,1,Public
1702,2,Public
1703,3,Public
1704,5,Public
1705,3,Public
1706,5,Public
1707,2,Public
1708,5,Public
1709,5,Public
1710,2,Public
1711,5,Public
1712,1,Public
1713,1,Public
1714,3,Public
1715,2,Public
1716,5,Public
1717,2,Public
1718,6,Public
1719,4,Public
1720,5,Public
1721,1,Public
1722,1,Public
1723,1,Public
1724,1,Public
1725,1,Public
1726,2,Public
1727,5,Public
1728,1,Public
1729,5,Public
1730,1,Public
1731,1,Public
1732,3,Public
1733,1,Public
1734,4,Public
1735,2,Public
1736,5,Public
1737,5,Public
1738,5,Public
1739,5,Public
1740,1,Public
1741,1,Public
1742,2,Public
1743,1,Public
1744,5,Public
1745,3,Public
1746,3,Public
1747,3,Public
1748,2,Public
1749,5,Public
1750,1,Public
1751,2,Public
1752,2,Public
1753,1,Public
1754,5,Public
1755,2,Public
1756,1,Public
1757,2,Public
1758,3,Public
1759,2,Public
1760,2,Public
1761,1,Public
1762,1,Public
1763,4,Public
1764,1,Public
1765,3,Public
1766,3,Public
1767,2,Public
1768,2,Public
1769,2,Public
1770,2,Public
1771,2,Public
1772,2,Public
1773,1,Public
1774,1,Public
1775,1,Public
1776,1,Public
1777,2,Public
1778,2,Public
1779,5,Public
1780,2,Public
1781,5,Public
1782,5,Public
1783,2,Public
1784,1,Public
1785,5,Public
1786,5,Public
1787,2,Public
1788,5,Public
1789,5,Public
1790,1,Public
1791,2,Public
1792,4,Public
1793,5,Public
1794,3,Public
1795,1,Public
1796,1,Public
1797,6,Public
1798,1,Public
1799,5,Public
1800,1,Public
1801,5,Public
1802,1,Public
1803,4,Public
1804,4,Public
1805,1,Public
1806,3,Public
1807,3,Public
1808,4,Public
1809,3,Public
1810,2,Public
1811,1,Public
1812,8,Public
1813,5,Public
1814,1,Public
1815,5,Public
1816,1,Public
1817,1,Public
1818,5,Public
1819,1,Public
1820,3,Public
1821,2,Public
1822,2,Public
1823,2,Public
1824,5,Public
1825,4,Public
1826,1,Public
1827,1,Public
1828,1,Public
1829,2,Public
1830,3,Public
1831,4,Public
1832,2,Public
1833,2,Public
1834,2,Public
1835,2,Public
1836,1,Public
1837,2,Public
1838,5,Public
1839,2,Public
1840,1,Public
1841,2,Public
1842,4,Public
1843,5,Public
1844,2,Public
1845,1,Public
1846,5,Public
1847,2,Public
1848,1,Public
1849,1,Public
1850,2,Public
1851,1,Public
1852,1,Public
1853,5,Public
1854,2,Public
1855,1,Public
1856,1,Public
1857,2,Public
1858,8,Public
1859,4,Public
1860,2,Public
1861,1,Public
1862,2,Public
1863,5,Public
1864,3,Public
1865,1,Public
1866,1,Public
1867,1,Public
1868,2,Public
1869,2,Public
1870,2,Public
1871,1,Public
1872,1,Public
1873,5,Public
1874,1,Public
1875,2,Public
1876,6,Public
1877,1,Public
1878,2,Public
1879,5,Public
1880,6,Public
1881,1,Public
1882,5,Public
1883,2,Public
1884,2,Public
1885,5,Public
1886,2,Public
1887,2,Public
1888,1,Public
1889,1,Public
1890,5,Public
1891,5,Public
1892,5,Public
1893,1,Public
1894,4,Public
1895,1,Public
1896,5,Public
1897,2,Public
1898,2,Public
1899,1,Public
1900,2,Public
1901,2,Public
1902,4,Public
1903,2,Public
1904,2,Public
1905,4,Public
1906,1,Public
1907,1,Public
1908,5,Public
1909,4,Public
1910,1,Public
1911,1,Public
1912,5,Public
1913,1,Public
1914,5,Public
1915,5,Public
1916,5,Public
1917,5,Public
1918,2,Public
1919,3,Public
1920,2,Public
1921,5,Public
1922,4,Public
1923,5,Public
1924,2,Public
1925,1,Public
1926,5,Public
1927,4,Public
1928,4,Public
1929,1,Public
1930,2,Public
1931,5,Public
1932,1,Public
1933,2,Public
1934,1,Public
1935,5,Public
1936,2,Public
1937,5,Public
1938,4,Public
1939,2,Public
1940,2,Public
1941,3,Public
1942,6,Public
1943,1,Public
1944,2,Public
1945,2,Public
1946,3,Public
1947,3,Public
1948,2,Public
1949,6,Public
1950,2,Public
1951,5,Public
1952,2,Public
1953,5,Public
1954,5,Public
1955,1,Public
1956,2,Public
1957,2,Public
1958,3,Public
1959,5,Public
1960,2,Public
1961,5,Public
1962,3,Public
1963,2,Public
1964,1,Public
1965,5,Public
1966,3,Public
1967,1,Public
1968,1,Public
1969,2,Public
1970,5,Public
1971,1,Public
1972,2,Public
1973,3,Public
1974,2,Public
1975,2,Public
1976,5,Public
1977,5,Public
1978,5,Public
1979,2,Public
1980,1,Public
1981,2,Public
1982,1,Public
1983,3,Public
1984,1,Public
1985,1,Public
1986,1,Public
1987,5,Public
1988,3,Public
1989,4,Public
1990,3,Public
1991,2,Public
1992,3,Public
1993,3,Public
1994,2,Public
1995,1,Public
1996,5,Public
1997,5,Public
1998,5,Public
1999,1,Public
2000,4,Public
2001,2,Public
2002,2,Public
2003,1,Public
2004,1,Public
2005,2,Public
2006,2,Public
2007,3,Public
2008,1,Public
2009,2,Public
2010,1,Public
2011,5,Public
2012,5,Public
2013,4,Public
2014,3,Public
2015,3,Public
2016,2,Public
2017,5,Public
2018,5,Public
2019,2,Public
2020,5,Public
2021,5,Public
2022,1,Public
2023,1,Public
2024,2,Public
2025,6,Public
2026,2,Public
2027,4,Public
2028,5,Public
2029,1,Public
2030,1,Public
2031,5,Public
2032,1,Public
2033,5,Public
2034,5,Public
2035,5,Public
2036,5,Public
2037,5,Public
2038,1,Public
2039,1,Public
2040,2,Public
2041,5,Public
2042,1,Public
2043,4,Public
2044,2,Public
2045,1,Public
2046,2,Public
2047,1,Public
2048,2,Public
2049,1,Public
2050,3,Public
2051,1,Public
2052,4,Public
2053,8,Public
2054,2,Public
2055,5,Public
2056,1,Public
2057,2,Public
2058,2,Public
2059,5,Public
2060,2,Public
2061,5,Public
2062,5,Public
2063,4,Public
2064,3,Public
2065,1,Public
2066,1,Public
2067,3,Public
2068,5,Public
2069,5,Public
2070,2,Public
2071,5,Public
2072,1,Public
2073,2,Public
2074,5,Public
2075,1,Public
2076,2,Public
2077,3,Public
2078,4,Public
2079,3,Public
2080,1,Public
2081,4,Public
2082,5,Public
2083,2,Public
2084,5,Public
2085,1,Public
2086,2,Public
2087,2,Public
2088,5,Public
2089,5,Public
2090,1,Public
2091,1,Public
2092,1,Public
2093,1,Public
2094,5,Public
2095,1,Public
2096,3,Public
2097,4,Public
2098,1,Public
2099,5,Public
2100,4,Public
2101,1,Public
2102,1,Public
2103,5,Public
2104,2,Public
2105,1,Public
2106,2,Public
2107,1,Public
2108,2,Public
2109,2,Public
2110,4,Public
2111,3,Public
2112,1,Public
2113,3,Public
2114,5,Public
2115,4,Public
2116,5,Public
2117,2,Public
2118,5,Public
2119,1,Public
2120,1,Public
2121,2,Public
2122,1,Public
2123,2,Public
2124,2,Public
2125,5,Public
2126,1,Public
2127,3,Public
2128,4,Public
2129,1,Public
2130,2,Public
2131,5,Public
2132,1,Public
2133,4,Public
2134,5,Public
2135,1,Public
2136,3,Public
2137,2,Public
2138,4,Public
2139,4,Public
2140,2,Public
2141,5,Public
2142,1,Public
2143,2,Public
2144,3,Public
2145,2,Public
2146,2,Public
2147,2,Public
2148,2,Public
2149,1,Public
2150,2,Public
2151,2,Public
2152,1,Public
2153,2,Public
2154,5,Public
2155,1,Public
2156,1,Public
2157,4,Public
2158,1,Public
2159,1,Public
2160,2,Public
2161,3,Public
2162,1,Public
2163,2,Public
2164,2,Public
2165,1,Public
2166,3,Public
2167,2,Public
2168,4,Public
2169,2,Public
2170,2,Public
2171,5,Public
2172,3,Public
2173,4,Public
2174,1,Public
2175,1,Public
2176,5,Public
2177,5,Public
2178,4,Public
2179,5,Public
2180,2,Public
2181,5,Public
2182,5,Public
2183,2,Public
2184,3,Public
2185,2,Public
2186,5,Public
2187,2,Public
2188,1,Public
2189,2,Public
2190,1,Public
2191,5,Public
2192,4,Public
2193,1,Public
2194,5,Public
2195,1,Public
2196,5,Public
2197,5,Public
2198,1,Public
2199,3,Public
2200,2,Public
2201,1,Public
2202,4,Public
2203,2,Public
2204,1,Public
2205,2,Public
2206,1,Public
2207,2,Public
2208,1,Public
2209,1,Public
2210,8,Public
2211,2,Public
2212,2,Public
2213,4,Public
2214,2,Public
2215,5,Public
2216,2,Public
2217,2,Public
2218,5,Public
2219,5,Public
2220,4,Public
2221,1,Public
2222,1,Public
2223,5,Public
2224,1,Public
2225,2,Public
2226,1,Public
2227,2,Public
2228,2,Public
2229,1,Public
2230,5,Public
2231,1,Public
2232,1,Public
2233,5,Public
2234,3,Public
2235,2,Public
2236,2,Public
2237,1,Public
2238,1,Public
2239,2,Public
2240,1,Public
2241,3,Public
2242,1,Public
2243,3,Public
2244,5,Public
2245,1,Public
2246,2,Public
2247,1,Public
2248,1,Public
2249,5,Public
2250,1,Public
2251,4,Public
2252,2,Public
2253,2,Public
2254,3,Public
2255,1,Public
2256,1,Public
2257,1,Public
2258,1,Public
2259,4,Public
2260,1,Public
2261,1,Public
2262,2,Public
2263,5,Public
2264,3,Public
2265,2,Public
2266,3,Public
2267,5,Public
2268,2,Public
2269,4,Public
2270,1,Public
2271,2,Public
2272,5,Public
2273,2,Public
2274,4,Public
2275,1,Public
2276,5,Public
2277,1,Public
2278,1,Public
2279,2,Public
2280,5,Public
2281,4,Public
2282,1,Public
2283,3,Public
2284,1,Public
2285,5,Public
2286,5,Public
2287,1,Public
2288,1,Public
2289,2,Public
2290,1,Public
2291,2,Public
2292,4,Public
2293,2,Public
2294,4,Public
2295,1,Public
2296,2,Public
2297,2,Public
2298,5,Public
2299,3,Public
2300,2,Public
2301,2,Public
2302,5,Public
2303,1,Public
2304,2,Public
2305,5,Public
2306,8,Public
2307,5,Public
2308,1,Public
2309,2,Public
2310,3,Public
2311,1,Public
2312,5,Public
2313,4,Public
2314,5,Public
2315,5,Public
2316,2,Public
2317,5,Public
2318,1,Public
2319,4,Public
2320,1,Public
2321,2,Public
2322,5,Public
2323,5,Public
2324,5,Public
2325,2,Public
2326,4,Public
2327,1,Public
2328,1,Public
2329,6,Public
2330,2,Public
2331,2,Public
2332,5,Public
2333,2,Public
2334,3,Public
2335,2,Public
2336,1,Public
2337,2,Public
2338,5,Public
2339,1,Public
2340,2,Public
2341,1,Public
2342,2,Public
2343,1,Public
2344,5,Public
2345,5,Public
2346,1,Public
2347,5,Public
2348,5,Public
2349,4,Public
2350,5,Public
2351,4,Public
2352,2,Public
2353,1,Public
2354,5,Public
2355,2,Public
2356,3,Public
2357,2,Public
2358,5,Public
2359,2,Public
2360,1,Public
2361,5,Public
2362,2,Public
2363,2,Public
2364,2,Public
2365,5,Public
2366,5,Public
2367,3,Public
2368,3,Public
2369,1,Public
2370,5,Public
2371,3,Public
2372,2,Public
2373,5,Public
2374,2,Public
2375,2,Public
2376,5,Public
2377,1,Public
2378,3,Public
2379,4,Public
2380,3,Public
2381,2,Public
2382,5,Public
2383,2,Public
2384,1,Public
2385,5,Public
2386,2,Public
2387,5,Public
2388,2,Public
2389,5,Public
2390,2,Public
2391,5,Public
2392,1,Public
2393,1,Public
2394,2,Public
2395,5,Public
2396,2,Public
2397,2,Public
2398,2,Public
2399,2,Public
2400,1,Public
2401,2,Public
2402,2,Public
2403,2,Public
2404,2,Public
2405,5,Public
2406,1,Public
2407,1,Public
2408,1,Public
2409,1,Public
2410,5,Public
2411,2,Public
2412,4,Public
2413,2,Public
2414,8,Public
2415,3,Public
2416,5,Public
2417,4,Public
2418,1,Public
2419,5,Public
2420,4,Public
2421,2,Public
2422,5,Public
2423,2,Public
2424,1,Public
2425,8,Public
2426,2,Public
2427,3,Public
2428,1,Public
2429,2,Public
2430,4,Public
2431,5,Public
2432,3,Public
2433,6,Public
2434,1,Public
2435,5,Public
2436,5,Public
2437,1,Public
2438,4,Public
2439,1,Public
2440,1,Public
2441,5,Public
2442,2,Public
2443,4,Public
2444,5,Public
2445,2,Public
2446,2,Public
2447,2,Public
2448,1,Public
2449,1,Public
2450,5,Public
2451,3,Public
2452,5,Public
2453,6,Public
2454,1,Public
2455,3,Public
2456,3,Public
2457,5,Public
2458,4,Public
2459,5,Public
2460,3,Public
2461,5,Public
2462,1,Public
2463,1,Public
2464,1,Public
2465,5,Public
2466,2,Public
2467,2,Public
2468,4,Public
2469,5,Public
2470,2,Public
2471,1,Public
2472,2,Public
2473,4,Public
2474,1,Public
2475,3,Public
2476,5,Public
2477,1,Public
2478,5,Public
2479,2,Public
2480,1,Public
2481,2,Public
2482,3,Public
2483,1,Public
2484,5,Public
2485,2,Public
2486,5,Public
2487,4,Public
2488,4,Public
2489,5,Public
2490,2,Public
2491,1,Public
2492,1,Public
2493,1,Public
2494,1,Public
2495,2,Public
2496,1,Public
2497,2,Public
2498,1,Public
2499,5,Public
2500,2,Public
2501,5,Public
2502,1,Public
2503,2,Public
2504,2,Public
2505,5,Public
2506,2,Public
2507,5,Public
2508,4,Public
2509,2,Public
2510,1,Public
2511,2,Public
2512,2,Public
2513,5,Public
2514,1,Public
2515,1,Public
2516,1,Public
2517,1,Public
2518,1,Public
2519,1,Public
2520,1,Public
2521,5,Public
2522,5,Public
2523,2,Public
2524,1,Public
2525,2,Public
2526,1,Public
2527,2,Public
2528,2,Public
2529,5,Public
2530,5,Public
2531,5,Public
2532,1,Public
2533,2,Public
2534,2,Public
2535,2,Public
2536,5,Public
2537,2,Public
2538,2,Public
2539,5,Public
2540,3,Public
2541,2,Public
2542,3,Public
2543,4,Public
2544,5,Public
2545,1,Public
2546,2,Public
2547,1,Public
2548,1,Public
2549,2,Public
2550,2,Public
2551,2,Public
2552,1,Public
2553,5,Public
2554,2,Public
2555,2,Public
2556,1,Public
2557,5,Public
2558,3,Public
2559,5,Public
2560,2,Public
2561,3,Public
2562,1,Public
2563,1,Public
2564,1,Public
2565,2,Public
2566,5,Public
2567,1,Public
2568,2,Public
2569,1,Public
2570,6,Public
2571,5,Public
2572,5,Public
2573,1,Public
2574,2,Public
2575,5,Public
2576,2,Public
2577,1,Public
2578,2,Public
2579,2,Public
2580,5,Public
2581,4,Public
2582,2,Public
2583,5,Public
2584,2,Public
2585,5,Public
2586,2,Public
2587,1,Public
2588,2,Public
2589,2,Public
2590,5,Public
2591,2,Public
2592,5,Public
2593,1,Public
2594,5,Public
2595,2,Public
2596,2,Public
2597,1,Public
2598,2,Public
2599,1,Public
2600,3,Public
2601,6,Public
2602,2,Public
2603,5,Public
2604,2,Public
2605,4,Public
2606,4,Public
2607,1,Public
2608,1,Public
2609,1,Public
2610,2,Public
2611,5,Public
2612,3,Public
2613,1,Public
2614,3,Public
2615,1,Public
2616,2,Public
2617,3,Public
2618,2,Public
2619,2,Public
2620,4,Public
2621,5,Public
2622,5,Public
2623,2,Public
2624,5,Public
2625,2,Public
2626,3,Public
2627,2,Public
2628,2,Public
2629,2,Public
2630,2,Public
2631,5,Public
2632,3,Public
2633,5,Public
2634,4,Public
2635,1,Public
2636,5,Public
2637,1,Public
2638,5,Public
2639,2,Public
2640,2,Public
2641,2,Public
2642,1,Public
2643,2,Public
2644,1,Public
2645,2,Public
2646,3,Public
2647,2,Public
2648,1,Public
2649,2,Public
2650,5,Public
2651,3,Public
2652,2,Public
2653,3,Public
2654,4,Public
2655,1,Public
2656,2,Public
2657,2,Public
2658,1,Public
2659,1,Public
2660,2,Public
2661,2,Public
2662,4,Public
2663,5,Public
2664,2,Public
2665,2,Public
2666,1,Public
2667,2,Public
2668,1,Public
2669,3,Public
2670,1,Public
2671,1,Public
2672,1,Public
2673,2,Public
2674,1,Public
2675,5,Public
2676,1,Public
2677,1,Public
2678,5,Public
2679,1,Public
2680,2,Public
2681,3,Public
2682,2,Public
2683,3,Public
2684,2,Public
2685,1,Public
2686,4,Public
2687,1,Public
2688,3,Public
2689,2,Public
2690,5,Public
2691,2,Public
2692,5,Public
2693,5,Public
2694,2,Public
2695,2,Public
2696,2,Public
2697,2,Public
2698,1,Public
2699,1,Public
2700,2,Public
2701,1,Public
2702,1,Public
2703,2,Public
2704,1,Public
2705,2,Public
2706,5,Public
2707,1,Public
2708,1,Public
2709,2,Public
2710,2,Public
2711,1,Public
2712,2,Public
2713,1,Public
2714,2,Public
2715,1,Public
2716,2,Public
2717,5,Public
2718,5,Public
2719,1,Public
2720,3,Public
2721,3,Public
2722,5,Public
2723,2,Public
2724,1,Public
2725,1,Public
2726,2,Public
2727,2,Public
2728,1,Public
2729,3,Public
2730,2,Public
2731,5,Public
2732,4,Public
2733,2,Public
2734,2,Public
2735,2,Public
2736,1,Public
2737,2,Public
2738,1,Public
2739,2,Public
2740,1,Public
2741,1,Public
2742,1,Public
2743,2,Public
2744,2,Public
2745,2,Public
2746,1,Public
2747,5,Public
2748,1,Public
2749,3,Public
2750,3,Public
2751,5,Public
2752,1,Public
2753,5,Public
2754,5,Public
2755,1,Public
2756,1,Public
2757,4,Public
2758,2,Public
2759,1,Public
2760,1,Public
2761,1,Public
2762,1,Public
2763,1,Public
2764,2,Public
2765,2,Public
2766,1,Public
2767,1,Public
2768,3,Public
2769,6,Public
2770,1,Public
2771,5,Public
2772,2,Public
2773,1,Public
2774,5,Public
2775,2,Public
2776,3,Public
2777,5,Public
2778,4,Public
2779,2,Public
2780,1,Public
2781,8,Public
2782,3,Public
2783,2,Public
2784,2,Public
2785,1,Public
2786,1,Public
2787,3,Public
2788,4,Public
2789,3,Public
2790,2,Public
2791,2,Public
2792,2,Public
2793,1,Public
2794,1,Public
2795,1,Public
2796,1,Public
2797,2,Public
2798,2,Public
2799,5,Public
2800,2,Public
2801,5,Public
2802,5,Public
2803,2,Public
2804,5,Public
2805,1,Public
2806,3,Public
2807,5,Public
2808,3,Public
2809,1,Public
2810,2,Public
2811,1,Public
2812,1,Public
2813,1,Public
2814,2,Public
2815,2,Public
2816,1,Public
2817,5,Public
2818,1,Public
2819,4,Public
2820,2,Public
2821,5,Public
2822,2,Public
2823,3,Public
2824,2,Public
2825,1,Public
2826,5,Public
2827,2,Public
2828,1,Public
2829,2,Public
2830,2,Public
2831,3,Public
2832,1,Public
2833,3,Public
2834,1,Public
2835,5,Public
2836,1,Public
2837,5,Public
2838,2,Public
2839,2,Public
2840,5,Public
2841,5,Public
2842,1,Public
2843,2,Public
2844,5,Public
2845,1,Public
2846,5,Public
2847,4,Public
2848,4,Public
2849,2,Public
2850,1,Public
2851,5,Public
2852,1,Public
2853,4,Public
2854,2,Public
2855,1,Public
2856,4,Public
2857,2,Public
2858,2,Public
2859,1,Public
2860,2,Public
2861,5,Public
2862,1,Public
2863,3,Public
2864,1,Public
2865,2,Public
2866,5,Public
2867,2,Public
2868,5,Public
2869,1,Public
2870,3,Public
2871,1,Public
2872,1,Public
2873,2,Public
2874,1,Public
2875,5,Public
2876,2,Public
2877,1,Public
2878,2,Public
2879,1,Public
2880,1,Public
2881,3,Public
2882,2,Public
2883,1,Public
2884,1,Public
2885,3,Public
2886,2,Public
2887,3,Public
2888,5,Public
2889,2,Public
2890,5,Public
2891,5,Public
2892,1,Public
2893,5,Public
2894,1,Public
2895,5,Public
2896,5,Public
2897,2,Public
2898,5,Public
2899,4,Public
2900,2,Public
2901,2,Public
2902,3,Public
2903,2,Public
2904,2,Public
2905,2,Public
2906,5,Public
2907,2,Public
2908,1,Public
2909,1,Public
2910,1,Public
2911,1,Public
2912,1,Public
2913,5,Public
2914,5,Public
2915,3,Public
2916,2,Public
2917,1,Public
2918,5,Public
2919,2,Public
2920,2,Public
2921,2,Public
2922,2,Public
2923,5,Public
2924,2,Public
2925,1,Public
2926,5,Public
2927,7,Public
2928,1,Public
2929,1,Public
2930,2,Public
2931,1,Public
2932,4,Public
2933,1,Public
2934,2,Public
2935,2,Public
2936,4,Public
2937,2,Public
2938,2,Public
2939,1,Public
2940,1,Public
2941,1,Public
2942,1,Public
2943,2,Public
2944,5,Public
2945,4,Public
2946,2,Public
2947,1,Public
2948,4,Public
2949,3,Public
2950,2,Public
2951,3,Public
2952,2,Public
2953,1,Public
2954,4,Public
2955,3,Public
2956,2,Public
2957,1,Public
2958,1,Public
2959,5,Public
2960,2,Public
2961,8,Public
2962,2,Public
2963,1,Public
2964,1,Public
2965,5,Public
2966,1,Public
2967,1,Public
2968,3,Public
2969,5,Public
2970,1,Public
2971,5,Public
2972,1,Public
2973,5,Public
2974,2,Public
2975,5,Public
2976,1,Public
2977,1,Public
2978,5,Public
2979,2,Public
2980,1,Public
2981,1,Public
2982,1,Public
2983,2,Public
2984,2,Public
2985,2,Public
2986,1,Public
2987,1,Public
2988,3,Public
2989,2,Public
2990,2,Public
2991,2,Public
2992,4,Public
2993,2,Public
2994,1,Public
2995,2,Public
2996,2,Public
2997,2,Public
2998,1,Public
2999,2,Public
3000,2,Public
3001,1,Public
3002,6,Public
3003,1,Public
3004,2,Public
3005,2,Public
3006,2,Public
3007,1,Public
3008,3,Public
3009,2,Public
3010,2,Public
3011,1,Public
3012,4,Public
3013,5,Public
3014,2,Public
3015,1,Public
3016,2,Public
3017,1,Public
3018,5,Public
3019,1,Public
3020,1,Public
3021,2,Public
3022,2,Public
3023,3,Public
3024,2,Public
3025,4,Public
3026,2,Public
3027,2,Public
3028,2,Public
3029,5,Public
3030,1,Public
3031,5,Public
3032,4,Public
3033,5,Public
3034,5,Public
3035,5,Public
3036,1,Public
3037,2,Public
3038,2,Public
3039,1,Public
3040,1,Public
3041,1,Public
3042,5,Public
3043,1,Public
3044,1,Public
3045,2,Public
3046,1,Public
3047,2,Public
3048,2,Public
3049,1,Public
3050,5,Public
3051,5,Public
3052,1,Public
3053,1,Public
3054,2,Public
3055,2,Public
3056,5,Public
3057,2,Public
3058,2,Public
3059,1,Public
3060,5,Public
3061,1,Public
3062,1,Public
3063,8,Public
3064,1,Public
3065,5,Public
3066,2,Public
3067,4,Public
3068,1,Public
3069,5,Public
3070,1,Public
3071,3,Public
3072,1,Public
3073,3,Public
3074,1,Public
3075,2,Public
3076,2,Public
3077,4,Public
3078,2,Public
3079,2,Public
3080,5,Public
3081,2,Public
3082,1,Public
3083,1,Public
3084,1,Public
3085,3,Public
3086,3,Public
3087,3,Public
3088,1,Public
3089,5,Public
3090,4,Public
3091,1,Public
3092,2,Public
3093,2,Public
3094,2,Public
3095,1,Public
3096,4,Public
3097,5,Public
3098,1,Public
3099,1,Public
3100,2,Public
3101,1,Public
3102,2,Public
3103,1,Public
3104,2,Public
3105,1,Public
3106,1,Public
3107,2,Public
3108,1,Public
3109,5,Public
3110,3,Public
3111,3,Public
3112,1,Public
3113,4,Public
3114,1,Public
3115,5,Public
3116,1,Public
3117,2,Public
3118,8,Public
3119,2,Public
3120,2,Public
3121,1,Public
3122,3,Public
3123,3,Public
3124,1,Public
3125,1,Public
3126,3,Public
3127,2,Public
3128,1,Public
3129,2,Public
3130,3,Public
3131,5,Public
3132,5,Public
3133,2,Public
3134,1,Public
3135,2,Public
3136,2,Public
3137,1,Public
3138,2,Public
3139,6,Public
3140,5,Public
3141,1,Public
3142,1,Public
3143,2,Public
3144,1,Public
3145,1,Public
3146,1,Public
3147,5,Public
3148,5,Public
3149,1,Public
3150,5,Public
3151,1,Public
3152,1,Public
3153,5,Public
3154,5,Public
3155,2,Public
3156,4,Public
3157,1,Public
3158,1,Public
3159,1,Public
3160,5,Public
3161,1,Public
3162,2,Public
3163,2,Public
3164,3,Public
3165,2,Public
3166,4,Public
3167,1,Public
3168,2,Public
3169,2,Public
3170,2,Public
3171,1,Public
3172,5,Public
3173,5,Public
3174,4,Public
3175,1,Public
3176,2,Public
3177,2,Public
3178,2,Public
3179,5,Public
3180,2,Public
3181,2,Public
3182,5,Public
3183,2,Public
3184,5,Public
3185,1,Public
3186,8,Public
3187,1,Public
3188,5,Public
3189,2,Public
3190,1,Public
3191,1,Public
3192,5,Public
3193,1,Public
3194,5,Public
3195,1,Public
3196,1,Public
3197,1,Public
3198,2,Public
3199,2,Public
3200,5,Public
3201,1,Public
3202,1,Public
3203,5,Public
3204,3,Public
3205,1,Public
3206,2,Public
3207,5,Public
3208,1,Public
3209,1,Public
3210,3,Public
3211,1,Public
3212,5,Public
3213,2,Public
3214,2,Public
3215,1,Public
3216,1,Public
3217,5,Public
3218,1,Public
3219,1,Public
3220,5,Public
3221,2,Public
3222,1,Public
3223,4,Public
3224,2,Public
3225,1,Public
3226,1,Public
3227,5,Public
3228,1,Public
3229,2,Public
3230,5,Public
3231,5,Public
3232,1,Public
3233,1,Public
3234,2,Public
3235,5,Public
3236,5,Public
3237,2,Public
3238,1,Public
3239,2,Public
3240,5,Public
3241,1,Public
3242,2,Public
3243,1,Public
3244,4,Public
3245,2,Public
3246,1,Public
3247,1,Public
3248,2,Public
3249,1,Public
3250,3,Public
3251,1,Public
3252,2,Public
3253,1,Public
3254,1,Public
3255,1,Public
3256,1,Public
3257,1,Public
3258,2,Public
3259,1,Public
3260,1,Public
3261,5,Public
3262,2,Public
3263,2,Public
3264,3,Public
3265,1,Public
3266,2,Public
3267,1,Public
3268,5,Public
3269,5,Public
3270,2,Public
3271,5,Public
3272,1,Public
3273,1,Public
3274,1,Public
3275,5,Public
3276,5,Public
3277,4,Public
3278,1,Public
3279,2,Public
3280,5,Public
3281,2,Public
3282,2,Public
3283,5,Public
3284,3,Public
3285,1,Public
3286,2,Public
3287,5,Public
3288,1,Public
3289,5,Public
3290,1,Public
3291,3,Public
3292,5,Public
3293,3,Public
3294,2,Public
3295,1,Public
3296,5,Public
3297,4,Public
3298,4,Public
3299,2,Public
3300,4,Public
3301,3,Public
3302,3,Public
3303,1,Public
3304,2,Public
3305,1,Public
3306,5,Public
3307,1,Public
3308,2,Public
3309,2,Public
3310,2,Public
3311,2,Public
3312,2,Public
3313,3,Public
3314,2,Public
3315,5,Public
3316,3,Public
3317,2,Public
3318,2,Public
3319,4,Public
3320,2,Public
3321,1,Public
3322,1,Public
3323,2,Public
3324,2,Public
3325,1,Public
3326,2,Public
3327,1,Public
3328,2,Public
3329,1,Public
3330,2,Public
3331,5,Public
3332,8,Public
3333,2,Public
3334,2,Public
3335,5,Public
3336,2,Public
3337,1,Public
3338,1,Public
3339,1,Public
3340,3,Public
3341,5,Public
3342,2,Public
3343,2,Public
3344,3,Public
3345,5,Public
3346,5,Public
3347,5,Public
3348,5,Public
3349,2,Public
3350,1,Public
3351,5,Public
3352,1,Public
3353,1,Public
3354,5,Public
3355,2,Public
3356,2,Public
3357,1,Public
3358,1,Public
3359,1,Public
3360,5,Public
3361,2,Public
3362,4,Public
3363,5,Public
3364,2,Public
3365,1,Public
3366,1,Public
3367,2,Public
3368,6,Public
3369,3,Public
3370,5,Public
3371,2,Public
3372,2,Public
3373,2,Public
3374,3,Public
3375,2,Public
3376,5,Public
3377,5,Public
3378,5,Public
3379,3,Public
3380,1,Public
3381,5,Public
3382,2,Public
3383,5,Public
3384,1,Public
3385,1,Public
3386,1,Public
3387,5,Public
3388,1,Public
3389,1,Public
3390,2,Public
3391,1,Public
3392,4,Public
3393,1,Public
3394,1,Public
3395,2,Public
3396,4,Public
3397,5,Public
3398,2,Public
3399,5,Public
3400,2,Public
3401,5,Public
3402,1,Public
3403,1,Public
3404,5,Public
3405,5,Public
3406,1,Public
3407,1,Public
3408,2,Public
3409,1,Public
3410,1,Public
3411,1,Public
3412,4,Public
3413,1,Public
3414,5,Public
3415,2,Public
3416,2,Public
3417,1,Public
3418,1,Public
3419,2,Public
3420,1,Public
3421,2,Public
3422,1,Public
3423,2,Public
3424,1,Public
3425,2,Public
3426,1,Public
3427,4,Public
3428,2,Public
3429,5,Public
3430,4,Public
3431,2,Public
3432,1,Public
3433,5,Public
3434,5,Public
3435,5,Public
3436,2,Public
3437,5,Public
3438,5,Public
3439,1,Public
3440,5,Public
3441,2,Public
3442,2,Public
3443,2,Public
3444,2,Public
3445,3,Public
3446,3,Public
3447,4,Public
3448,1,Public
3449,1,Public
3450,1,Public
3451,4,Public
3452,3,Public
3453,5,Public
3454,4,Public
3455,5,Public
3456,5,Public
3457,5,Public
3458,3,Public
3459,5,Public
3460,2,Public
3461,5,Public
3462,5,Public
3463,1,Public
3464,5,Public
3465,6,Public
3466,8,Public
3467,5,Public
3468,5,Public
3469,1,Public
3470,3,Public
3471,1,Public
3472,1,Public
3473,4,Public
3474,1,Public
3475,5,Public
3476,2,Public
3477,1,Public
3478,5,Public
3479,1,Public
3480,2,Public
3481,1,Public
3482,2,Public
3483,2,Public
3484,5,Public
3485,2,Public
3486,5,Public
3487,5,Public
3488,5,Public
3489,5,Public
3490,3,Public
3491,3,Public
3492,1,Public
3493,1,Public
3494,5,Public
3495,2,Public
3496,2,Public
3497,5,Public
3498,5,Public
3499,2,Public
3500,5,Public
3501,1,Public
3502,5,Public
3503,5,Public
3504,1,Public
3505,5,Public
3506,1,Public
3507,1,Public
3508,1,Public
3509,5,Public
3510,1,Public
3511,6,Public
3512,2,Public
3513,1,Public
3514,5,Public
3515,1,Public
3516,3,Public
3517,1,Public
3518,5,Public
3519,1,Public
3520,1,Public
3521,1,Public
3522,5,Public
3523,1,Public
3524,6,Public
3525,5,Public
3526,5,Public
3527,2,Public
3528,4,Public
3529,5,Public
3530,5,Public
3531,1,Public
3532,2,Public
3533,2,Public
3534,2,Public
3535,1,Public
3536,1,Public
3537,7,Public
3538,5,Public
3539,1,Public
3540,3,Public
3541,5,Public
3542,2,Public
3543,1,Public
3544,5,Public
3545,2,Public
3546,2,Public
3547,5,Public
3548,1,Public
3549,1,Public
3550,2,Public
3551,1,Public
3552,5,Public
3553,1,Public
3554,2,Public
3555,5,Public
3556,4,Public
3557,1,Public
3558,2,Public
3559,5,Public
3560,2,Public
3561,5,Public
3562,2,Public
3563,5,Public
3564,2,Public
3565,5,Public
3566,3,Public
3567,2,Public
3568,1,Public
3569,3,Public
3570,5,Public
3571,3,Public
3572,5,Public
3573,5,Public
3574,5,Public
3575,1,Public
3576,1,Public
3577,2,Public
3578,4,Public
3579,5,Public
3580,1,Public
3581,1,Public
3582,1,Public
3583,1,Public
3584,5,Public
3585,5,Public
3586,1,Public
3587,4,Public
3588,5,Public
3589,3,Public
3590,2,Public
3591,2,Public
3592,2,Public
3593,2,Public
3594,5,Public
3595,1,Public
3596,2,Public
3597,1,Public
3598,7,Public
3599,1,Public
3600,1,Public
3601,2,Public
3602,5,Public
3603,2,Public
3604,2,Public
3605,2,Public
3606,1,Public
3607,1,Public
3608,1,Public
3609,5,Public
3610,1,Public
3611,2,Public
3612,5,Public
3613,1,Public
3614,2,Public
3615,2,Public
3616,1,Public
3617,3,Public
3618,5,Public
3619,5,Public
3620,1,Public
3621,5,Public
3622,2,Public
3623,2,Public
3624,6,Public
3625,2,Public
3626,5,Public
3627,2,Public
3628,2,Public
3629,5,Public
3630,1,Public
3631,2,Public
3632,2,Public
3633,1,Public
3634,1,Public
3635,2,Public
3636,1,Public
3637,5,Public
3638,3,Public
3639,5,Public
3640,5,Public
3641,5,Public
3642,5,Public
3643,5,Public
3644,3,Public
3645,3,Public
3646,1,Public
3647,3,Public
3648,2,Public
3649,2,Public
3650,1,Public
3651,1,Public
3652,2,Public
3653,1,Public
3654,2,Public
3655,5,Public
3656,1,Public
3657,2,Public
3658,3,Public
3659,1,Public
3660,1,Public
3661,2,Public
3662,5,Public
3663,5,Public
3664,7,Public
3665,2,Public
3666,1,Public
3667,2,Public
3668,1,Public
3669,1,Public
3670,1,Public
3671,1,Public
3672,5,Public
3673,2,Public
3674,2,Public
3675,2,Public
3676,2,Public
3677,1,Public
3678,1,Public
3679,4,Public
3680,1,Public
3681,2,Public
3682,5,Public
3683,5,Public
3684,1,Public
3685,1,Public
3686,1,Public
3687,2,Public
3688,1,Public
3689,6,Public
3690,2,Public
3691,5,Public
3692,2,Public
3693,5,Public
3694,2,Public
3695,2,Public
3696,2,Public
3697,5,Public
3698,2,Public
3699,5,Public
3700,4,Public
3701,1,Public
3702,1,Public
3703,1,Public
3704,4,Public
3705,2,Public
3706,2,Public
3707,2,Public
3708,1,Public
3709,1,Public
3710,1,Public
3711,5,Public
3712,2,Public
3713,1,Public
3714,2,Public
3715,1,Public
3716,2,Public
3717,2,Public
3718,1,Public
3719,2,Public
3720,2,Public
3721,1,Public
3722,2,Public
3723,1,Public
3724,4,Public
3725,1,Public
3726,4,Public
3727,5,Public
3728,5,Public
3729,2,Public
3730,1,Public
3731,2,Public
3732,2,Public
3733,2,Public
3734,2,Public
3735,1,Public
3736,1,Public
3737,4,Public
3738,2,Public
3739,1,Public
3740,5,Public
3741,5,Public
3742,2,Public
3743,5,Public
3744,2,Public
3745,2,Public
3746,1,Public
3747,2,Public
3748,1,Public
3749,5,Public
3750,4,Public
3751,2,Public
3752,7,Public
3753,5,Public
3754,2,Public
3755,5,Public
3756,5,Public
3757,1,Public
3758,1,Public
3759,8,Public
3760,2,Public
3761,5,Public
3762,1,Public
3763,2,Public
3764,1,Public
3765,2,Public
3766,2,Public
3767,2,Public
3768,2,Public
3769,5,Public
3770,1,Public
3771,1,Public
3772,1,Public
3773,2,Public
3774,5,Public
3775,3,Public
3776,2,Public
3777,5,Public
3778,2,Public
3779,5,Public
3780,4,Public
3781,4,Public
3782,1,Public
3783,2,Public
3784,4,Public
3785,2,Public
3786,3,Public
3787,2,Public
3788,1,Public
3789,2,Public
3790,6,Public
3791,2,Public
3792,5,Public
3793,5,Public
3794,1,Public
3795,2,Public
3796,2,Public
3797,1,Public
3798,2,Public
3799,1,Public
3800,2,Public
3801,3,Public
3802,5,Public
3803,2,Public
3804,5,Public
3805,1,Public
3806,2,Public
3807,2,Public
3808,1,Public
3809,3,Public
3810,5,Public
3811,5,Public
3812,2,Public
3813,1,Public
3814,3,Public
3815,1,Public
3816,1,Public
3817,2,Public
3818,1,Public
3819,5,Public
3820,1,Public
3821,5,Public
3822,5,Public
3823,1,Public
3824,1,Public
3825,3,Public
3826,2,Public
3827,2,Public
3828,2,Public
3829,2,Public
3830,5,Public
3831,5,Public
3832,3,Public
3833,1,Public
3834,2,Public
3835,3,Public
3836,2,Public
3837,1,Public
3838,1,Public
3839,4,Public
3840,3,Public
3841,2,Public
3842,5,Public
3843,3,Public
3844,2,Public
3845,2,Public
3846,2,Public
3847,2,Public
3848,1,Public
3849,1,Public
3850,1,Public
3851,1,Public
3852,5,Public
3853,2,Public
3854,5,Public
3855,1,Public
3856,2,Public
3857,1,Public
3858,3,Public
3859,3,Public
3860,1,Public
3861,5,Public
3862,5,Public
3863,2,Public
3864,1,Public
3865,2,Public
3866,1,Public
3867,1,Public
3868,1,Public
3869,2,Public
3870,2,Public
3871,1,Public
3872,1,Public
3873,2,Public
3874,5,Public
3875,1,Public
3876,5,Public
3877,3,Public
3878,5,Public
3879,1,Public
3880,2,Public
3881,5,Public
3882,1,Public
3883,1,Public
3884,8,Public
3885,6,Public
3886,1,Public
3887,2,Public
3888,1,Public
3889,5,Public
3890,2,Public
3891,3,Public
3892,3,Public
3893,2,Public
3894,1,Public
3895,3,Public
3896,5,Public
3897,2,Public
3898,2,Public
3899,3,Public
3900,2,Public
3901,2,Public
3902,1,Public
3903,2,Public
3904,1,Public
3905,3,Public
3906,2,Public
3907,1,Public
3908,2,Public
3909,5,Public
3910,2,Public
3911,5,Public
3912,2,Public
3913,1,Public
3914,1,Public
3915,2,Public
3916,1,Public
3917,2,Public
3918,2,Public
3919,2,Public
3920,2,Public
3921,2,Public
3922,5,Public
3923,2,Public
3924,1,Public
3925,1,Public
3926,3,Public
3927,2,Public
3928,1,Public
3929,4,Public
3930,2,Public
3931,6,Public
3932,2,Public
3933,4,Public
3934,1,Public
3935,4,Public
3936,8,Public
3937,2,Public
3938,5,Public
3939,1,Public
3940,2,Public
3941,8,Public
3942,2,Public
3943,2,Public
3944,5,Public
3945,2,Public
3946,1,Public
3947,3,Public
3948,2,Public
3949,2,Public
3950,4,Public
3951,5,Public
3952,1,Public
3953,1,Public
3954,1,Public
3955,2,Public
3956,2,Public
3957,1,Public
3958,1,Public
3959,1,Public
3960,1,Public
3961,1,Public
3962,2,Public
3963,1,Public
3964,1,Public
3965,5,Public
3966,5,Public
3967,5,Public
3968,2,Public
3969,5,Public
3970,2,Public
3971,1,Public
3972,5,Public
3973,2,Public
3974,4,Public
3975,2,Public
3976,3,Public
3977,1,Public
3978,1,Public
3979,3,Public
3980,5,Public
3981,5,Public
3982,1,Public
3983,5,Public
3984,4,Public
3985,2,Public
3986,2,Public
3987,2,Public
3988,3,Public
3989,5,Public
3990,5,Public
3991,6,Public
3992,5,Public
3993,2,Public
3994,5,Public
3995,2,Public
3996,1,Public
3997,1,Public
3998,6,Public
3999,2,Public
4000,2,Public
4001,1,Public
4002,2,Public
4003,2,Public
4004,5,Public
4005,1,Public
4006,1,Public
4007,1,Public
4008,1,Public
4009,2,Public
4010,1,Public
4011,1,Public
4012,2,Public
4013,2,Public
4014,2,Public
4015,5,Public
4016,1,Public
4017,2,Public
4018,3,Public
4019,1,Public
4020,5,Public
4021,1,Public
4022,8,Public
4023,5,Public
4024,2,Public
4025,1,Public
4026,2,Public
4027,1,Public
4028,1,Public
4029,1,Public
4030,2,Public
4031,2,Public
4032,1,Public
4033,4,Public
4034,2,Public
4035,1,Public
4036,5,Public
4037,5,Public
4038,1,Public
4039,1,Public
4040,2,Public
4041,1,Public
4042,1,Public
4043,5,Public
4044,1,Public
4045,2,Public
4046,4,Public
4047,2,Public
4048,1,Public
4049,3,Public
4050,5,Public
4051,5,Public
4052,1,Public
4053,5,Public
4054,2,Public
4055,5,Public
4056,7,Public
4057,5,Public
4058,2,Public
4059,2,Public
4060,5,Public
4061,2,Public
4062,2,Public
4063,5,Public
4064,1,Public
4065,1,Public
4066,1,Public
4067,5,Public
4068,2,Public
4069,1,Public
4070,5,Public
4071,1,Public
4072,1,Public
4073,1,Public
4074,2,Public
4075,1,Public
4076,1,Public
4077,5,Public
4078,2,Public
4079,2,Public
4080,2,Public
4081,2,Public
4082,3,Public
4083,5,Public
4084,5,Public
4085,3,Public
4086,3,Public
4087,2,Public
4088,2,Public
4089,1,Public
4090,3,Public
4091,1,Public
4092,2,Public
4093,2,Public
4094,1,Public
4095,4,Public
4096,5,Public
4097,2,Public
4098,2,Public
4099,3,Public
4100,2,Public
4101,1,Public
4102,5,Public
4103,2,Public
4104,2,Public
4105,1,Public
4106,1,Public
4107,2,Public
4108,1,Public
4109,2,Public
4110,5,Public
4111,2,Public
4112,5,Public
4113,5,Public
4114,1,Public
4115,2,Public
4116,2,Public
4117,1,Public
4118,2,Public
4119,1,Public
4120,1,Public
4121,5,Public
4122,1,Public
4123,2,Public
4124,2,Public
4125,1,Public
4126,5,Public
4127,1,Public
4128,5,Public
4129,5,Public
4130,5,Public
4131,2,Public
4132,1,Public
4133,1,Public
4134,2,Public
4135,1,Public
4136,5,Public
4137,8,Public
4138,5,Public
4139,4,Public
4140,1,Public
4141,2,Public
4142,1,Public
4143,1,Public
4144,1,Public
4145,5,Public
4146,5,Public
4147,1,Public
4148,2,Public
4149,5,Public
4150,5,Public
4151,2,Public
4152,5,Public
4153,2,Public
4154,2,Public
4155,1,Public
4156,5,Public
4157,5,Public
4158,5,Public
4159,1,Public
4160,5,Public
4161,1,Public
4162,1,Public
4163,5,Public
4164,3,Public
4165,3,Public
4166,1,Public
4167,2,Public
4168,2,Public
4169,3,Public
4170,1,Public
4171,5,Public
4172,5,Public
4173,1,Public
4174,5,Public
4175,5,Public
4176,4,Public
4177,2,Public
4178,2,Public
4179,1,Public
4180,4,Public
4181,2,Public
4182,2,Public
4183,5,Public
4184,3,Public
4185,5,Public
4186,1,Public
4187,1,Public
4188,2,Public
4189,5,Public
4190,1,Public
4191,3,Public
4192,5,Public
4193,4,Public
4194,2,Public
4195,2,Public
4196,5,Public
4197,2,Public
4198,1,Public
4199,1,Public
4200,1,Public
4201,2,Public
4202,8,Public
4203,2,Public
4204,5,Public
4205,1,Public
4206,1,Public
4207,1,Public
4208,2,Public
4209,1,Public
4210,2,Public
4211,1,Public
4212,1,Public
4213,2,Public
4214,2,Public
4215,1,Public
4216,1,Public
4217,3,Public
4218,2,Public
4219,3,Public
4220,3,Public
4221,2,Public
4222,1,Public
4223,5,Public
4224,4,Public
4225,5,Public
4226,1,Public
4227,1,Public
4228,4,Public
4229,2,Public
4230,2,Public
4231,2,Public
4232,1,Public
4233,2,Public
4234,1,Public
4235,2,Public
4236,3,Public
4237,2,Public
4238,2,Public
4239,1,Public
4240,5,Public
4241,1,Public
4242,3,Public
4243,1,Public
4244,5,Public
4245,5,Public
4246,3,Public
4247,1,Public
4248,2,Public
4249,5,Public
4250,3,Public
4251,5,Public
4252,1,Public
4253,1,Public
4254,1,Public
4255,1,Public
4256,2,Public
4257,4,Public
4258,1,Public
4259,5,Public
4260,5,Public
4261,1,Public
4262,1,Public
4263,5,Public
4264,1,Public
4265,2,Public
4266,2,Public
4267,1,Public
4268,1,Public
4269,4,Public
4270,1,Public
4271,1,Public
4272,1,Public
4273,2,Public
4274,1,Public
4275,1,Public
4276,2,Public
4277,1,Public
4278,2,Public
4279,1,Public
4280,1,Public
4281,5,Public
4282,3,Public
4283,4,Public
4284,1,Public
4285,2,Public
4286,5,Public
4287,2,Public
4288,1,Public
4289,3,Public
4290,2,Public
4291,2,Public
4292,1,Public
4293,2,Public
4294,2,Public
4295,5,Public
4296,5,Public
4297,2,Public
4298,1,Public
4299,2,Public
4300,5,Public
4301,2,Public
4302,5,Public
4303,1,Public
4304,4,Public
4305,1,Public
4306,2,Public
4307,4,Public
4308,5,Public
4309,1,Public
4310,5,Public
4311,1,Public
4312,1,Public
4313,1,Public
4314,2,Public
4315,2,Public
4316,2,Public
4317,2,Public
4318,1,Public
4319,2,Public
4320,1,Public
4321,2,Public
4322,2,Public
4323,7,Public
4324,2,Public
4325,2,Public
4326,1,Public
4327,2,Public
4328,2,Public
4329,1,Public
4330,2,Public
4331,1,Public
4332,2,Public
4333,5,Public
4334,5,Public
4335,5,Public
4336,1,Public
4337,2,Public
4338,1,Public
4339,2,Public
4340,1,Public
4341,5,Public
4342,5,Public
4343,4,Public
4344,3,Public
4345,2,Public
4346,5,Public
4347,2,Public
4348,4,Public
4349,2,Public
4350,1,Public
4351,5,Public
4352,5,Public
4353,2,Public
4354,3,Public
4355,1,Public
4356,1,Public
4357,1,Public
4358,1,Public
4359,5,Public
4360,5,Public
4361,5,Public
4362,5,Public
4363,1,Public
4364,2,Public
4365,2,Public
4366,1,Public
4367,5,Public
4368,2,Public
4369,5,Public
4370,2,Public
4371,1,Public
4372,5,Public
4373,2,Public
4374,1,Public
4375,1,Public
4376,3,Public
4377,2,Public
4378,5,Public
4379,5,Public
4380,3,Public
4381,3,Public
4382,1,Public
4383,5,Public
4384,3,Public
4385,3,Public
4386,1,Public
4387,5,Public
4388,1,Public
4389,5,Public
4390,2,Public
4391,1,Public
4392,1,Public
4393,2,Public
4394,2,Public
4395,1,Public
4396,5,Public
4397,5,Public
4398,5,Public
4399,5,Public
4400,1,Public
4401,3,Public
4402,2,Public
4403,2,Public
4404,4,Public
4405,5,Public
4406,1,Public
4407,1,Public
4408,5,Public
4409,5,Public
4410,1,Public
4411,1,Public
4412,1,Public
4413,2,Public
4414,5,Public
4415,5,Public
4416,1,Public
4417,2,Public
4418,1,Public
4419,2,Public
4420,1,Public
4421,2,Public
4422,2,Public
4423,1,Public
4424,2,Public
4425,1,Public
4426,2,Public
4427,3,Public
4428,2,Public
4429,5,Public
4430,2,Public
4431,1,Public
4432,5,Public
4433,5,Public
4434,1,Public
4435,2,Public
4436,2,Public
4437,1,Public
4438,7,Public
4439,5,Public
4440,2,Public
4441,1,Public
4442,1,Public
4443,4,Public
4444,5,Public
4445,5,Public
4446,2,Public
4447,4,Public
4448,5,Public
4449,2,Public
4450,5,Public
4451,2,Public
4452,5,Public
4453,5,Public
4454,5,Public
4455,3,Public
4456,3,Public
4457,3,Public
4458,3,Public
4459,1,Public
4460,2,Public
4461,1,Public
4462,5,Public
4463,2,Public
4464,1,Public
4465,5,Public
4466,1,Public
4467,3,Public
4468,1,Public
4469,2,Public
4470,5,Public
4471,1,Public
4472,5,Public
4473,2,Public
4474,5,Public
4475,1,Public
4476,1,Public
4477,5,Public
4478,1,Public
4479,3,Public
4480,2,Public
4481,4,Public
4482,2,Public
4483,5,Public
4484,2,Public
4485,1,Public
4486,1,Public
4487,5,Public
4488,6,Public
4489,3,Public
4490,5,Public
4491,1,Public
4492,1,Public
4493,2,Public
4494,2,Public
4495,5,Public
4496,1,Public
4497,5,Public
4498,5,Public
4499,5,Public
4500,5,Public
4501,5,Public
4502,2,Public
4503,2,Public
4504,2,Public
4505,5,Public
4506,6,Public
4507,3,Public
4508,1,Public
4509,1,Public
4510,2,Public
4511,2,Public
4512,1,Public
4513,3,Public
4514,2,Public
4515,1,Public
4516,1,Public
4517,2,Public
4518,2,Public
4519,1,Public
4520,2,Public
4521,1,Public
4522,4,Public
4523,2,Public
4524,1,Public
4525,2,Public
4526,3,Public
4527,2,Public
4528,5,Public
4529,5,Public
4530,2,Public
4531,4,Public
4532,1,Public
4533,5,Public
4534,5,Public
4535,2,Public
4536,2,Public
4537,1,Public
4538,1,Public
4539,1,Public
4540,2,Public
4541,1,Public
4542,1,Public
4543,5,Public
4544,3,Public
4545,3,Public
4546,5,Public
4547,2,Public
4548,2,Public
4549,1,Public
4550,2,Public
4551,1,Public
4552,3,Public
4553,3,Public
4554,8,Public
4555,2,Public
4556,2,Public
4557,1,Public
4558,5,Public
4559,3,Public
4560,2,Public
4561,5,Public
4562,2,Public
4563,2,Public
4564,5,Public
4565,3,Public
4566,1,Public
4567,2,Public
4568,1,Public
4569,5,Public
4570,5,Public
4571,4,Public
4572,5,Public
4573,2,Public
4574,2,Public
4575,5,Public
4576,6,Public
4577,1,Public
4578,1,Public
4579,5,Public
4580,2,Public
4581,2,Public
4582,1,Public
4583,1,Public
4584,2,Public
4585,1,Public
4586,2,Public
4587,5,Public
4588,3,Public
4589,1,Public
4590,1,Public
4591,2,Public
4592,5,Public
4593,3,Public
4594,4,Public
4595,1,Public
4596,5,Public
4597,1,Public
4598,2,Public
4599,2,Public
4600,5,Public
4601,1,Public
4602,1,Public
4603,3,Public
4604,1,Public
4605,1,Public
4606,1,Public
4607,5,Public
4608,4,Public
4609,2,Public
4610,1,Public
4611,5,Public
4612,4,Public
4613,1,Public
4614,2,Public
4615,5,Public
4616,3,Public
4617,2,Public
4618,2,Public
4619,3,Public
4620,5,Public
4621,1,Public
4622,5,Public
4623,3,Public
4624,1,Public
4625,1,Public
4626,5,Public
4627,2,Public
4628,2,Public
4629,5,Public
4630,5,Public
4631,1,Public
4632,2,Public
4633,2,Public
4634,1,Public
4635,5,Public
4636,2,Public
4637,2,Public
4638,3,Public
4639,3,Public
4640,2,Public
4641,5,Public
4642,1,Public
4643,3,Public
4644,1,Public
4645,5,Public
4646,2,Public
4647,2,Public
4648,5,Public
4649,3,Public
4650,5,Public
4651,1,Public
4652,5,Public
4653,2,Public
4654,1,Public
4655,5,Public
4656,5,Public
4657,5,Public
4658,1,Public
4659,2,Public
4660,2,Public
4661,2,Public
4662,3,Public
4663,3,Public
4664,5,Public
4665,5,Public
4666,1,Public
4667,1,Public
4668,5,Public
4669,2,Public
4670,5,Public
4671,2,Public
4672,5,Public
4673,2,Public
4674,1,Public
4675,1,Public
4676,5,Public
4677,1,Public
4678,5,Public
4679,2,Public
4680,5,Public
4681,1,Public
4682,4,Public
4683,5,Public
4684,3,Public
4685,5,Public
4686,1,Public
4687,1,Public
4688,1,Public
4689,1,Public
4690,1,Public
4691,2,Public
4692,2,Public
4693,5,Public
4694,2,Public
4695,5,Public
4696,1,Public
4697,8,Public
4698,5,Public
4699,2,Public
4700,1,Public
4701,1,Public
4702,5,Public
4703,5,Public
4704,2,Public
4705,2,Public
4706,3,Public
4707,5,Public
4708,2,Public
4709,2,Public
4710,2,Public
4711,2,Public
4712,2,Public
4713,2,Public
4714,5,Public
4715,5,Public
4716,2,Public
4717,3,Public
4718,5,Public
4719,4,Public
4720,4,Public
4721,5,Public
4722,5,Public
4723,5,Public
4724,2,Public
4725,2,Public
4726,2,Public
4727,1,Public
4728,1,Public
4729,5,Public
4730,2,Public
4731,4,Public
4732,1,Public
4733,1,Public
4734,1,Public
4735,1,Public
4736,1,Public
4737,2,Public
4738,5,Public
4739,5,Public
4740,2,Public
4741,1,Public
4742,3,Public
4743,1,Public
4744,5,Public
4745,5,Public
4746,5,Public
4747,2,Public
4748,5,Public
4749,5,Public
4750,1,Public
4751,1,Public
4752,5,Public
4753,1,Public
4754,1,Public
4755,1,Public
4756,1,Public
4757,4,Public
4758,1,Public
4759,3,Public
4760,1,Public
4761,2,Public
4762,1,Public
4763,2,Public
4764,3,Public
4765,3,Public
4766,5,Public
4767,5,Public
4768,1,Public
4769,3,Public
4770,2,Public
4771,4,Public
4772,1,Public
4773,2,Public
4774,3,Public
4775,5,Public
4776,2,Public
4777,2,Public
4778,1,Public
4779,1,Public
4780,1,Public
4781,1,Public
4782,5,Public
4783,2,Public
4784,2,Public
4785,1,Public
4786,1,Public
4787,2,Public
4788,1,Public
4789,5,Public
4790,2,Public
4791,1,Public
4792,1,Public
4793,2,Public
4794,3,Public
4795,3,Public
4796,5,Public
4797,1,Public
4798,1,Public
4799,2,Public
4800,2,Public
4801,2,Public
4802,3,Public
4803,2,Public
4804,1,Public
4805,1,Public
4806,2,Public
4807,5,Public
4808,1,Public
4809,5,Public
4810,5,Public
4811,1,Public
4812,4,Public
4813,5,Public
4814,1,Public
4815,1,Public
4816,2,Public
4817,5,Public
4818,5,Public
4819,2,Public
4820,5,Public
4821,1,Public
4822,2,Public
4823,5,Public
4824,5,Public
4825,4,Public
4826,5,Public
4827,1,Public
4828,5,Public
4829,5,Public
4830,1,Public
4831,3,Public
4832,1,Public
4833,1,Public
4834,3,Public
4835,2,Public
4836,1,Public
4837,1,Public
4838,5,Public
4839,5,Public
4840,1,Public
4841,1,Public
4842,1,Public
4843,5,Public
4844,2,Public
4845,2,Public
4846,1,Public
4847,1,Public
4848,3,Public
4849,1,Public
4850,1,Public
4851,2,Public
4852,1,Public
4853,2,Public
4854,5,Public
4855,5,Public
4856,5,Public
4857,2,Public
4858,2,Public
4859,5,Public
4860,1,Public
4861,5,Public
4862,5,Public
4863,1,Public
4864,1,Public
4865,5,Public
4866,1,Public
4867,2,Public
4868,1,Public
4869,5,Public
4870,1,Public
4871,2,Public
4872,6,Public
4873,2,Public
4874,5,Public
4875,4,Public
4876,1,Public
4877,2,Public
4878,1,Public
4879,5,Public
4880,1,Public
4881,7,Public
4882,5,Public
4883,1,Public
4884,5,Public
4885,1,Public
4886,2,Public
4887,1,Public
4888,5,Public
4889,2,Public
4890,1,Public
4891,5,Public
4892,3,Public
4893,2,Public
4894,2,Public
4895,5,Public
4896,1,Public
4897,2,Public
4898,5,Public
4899,3,Public
4900,1,Public
4901,2,Public
4902,2,Public
4903,2,Public
4904,5,Public
4905,2,Public
4906,5,Public
4907,5,Public
4908,5,Public
4909,1,Public
4910,1,Public
4911,2,Public
4912,2,Public
4913,1,Public
4914,1,Public
4915,2,Public
4916,2,Public
4917,2,Public
4918,5,Public
4919,5,Public
4920,1,Public
4921,4,Public
4922,2,Public
4923,2,Public
4924,1,Public
4925,1,Public
4926,5,Public
4927,2,Public
4928,3,Public
4929,1,Public
4930,1,Public
4931,2,Public
4932,2,Public
4933,1,Public
4934,1,Public
4935,2,Public
4936,2,Public
4937,5,Public
4938,1,Public
4939,1,Public
4940,2,Public
4941,3,Public
4942,3,Public
4943,4,Public
4944,5,Public
4945,3,Public
4946,2,Public
4947,2,Public
4948,5,Public
4949,2,Public
4950,5,Public
4951,5,Public
4952,5,Public
4953,1,Public
4954,2,Public
4955,2,Public
4956,5,Public
4957,1,Public
4958,5,Public
4959,1,Public
4960,5,Public
4961,3,Public
4962,3,Public
4963,1,Public
4964,1,Public
4965,3,Public
4966,2,Public
4967,1,Public
4968,1,Public
4969,1,Public
4970,2,Public
4971,1,Public
4972,5,Public
4973,1,Public
4974,2,Public
4975,1,Public
4976,1,Public
4977,2,Public
4978,5,Public
4979,5,Public
4980,3,Public
4981,5,Public
4982,2,Public
4983,3,Public
4984,4,Public
4985,2,Public
4986,2,Public
4987,5,Public
4988,1,Public
4989,2,Public
4990,1,Public
4991,1,Public
4992,1,Public
4993,1,Public
4994,2,Public
4995,4,Public
4996,2,Public
4997,1,Public
4998,5,Public
4999,5,Public
5000,5,Public
5001,5,Public
5002,3,Public
5003,2,Public
5004,2,Public
5005,5,Public
5006,2,Public
5007,5,Public
5008,3,Public
5009,1,Public
5010,2,Public
5011,5,Public
5012,2,Public
5013,1,Public
5014,4,Public
5015,2,Public
5016,4,Public
5017,2,Public
5018,2,Public
5019,2,Public
5020,5,Public
5021,5,Public
5022,1,Public
5023,3,Public
5024,2,Public
5025,1,Public
5026,3,Public
5027,1,Public
5028,5,Public
5029,5,Public
5030,5,Public
5031,3,Public
5032,1,Public
5033,2,Public
5034,2,Public
5035,2,Public
5036,1,Public
5037,5,Public
5038,2,Public
5039,2,Public
5040,1,Public
5041,1,Public
5042,5,Public
5043,1,Public
5044,1,Public
5045,2,Public
5046,4,Public
5047,4,Public
5048,4,Public
5049,5,Public
5050,5,Public
5051,2,Public
5052,3,Public
5053,1,Public
5054,5,Public
5055,4,Public
5056,2,Public
5057,5,Public
5058,2,Public
5059,1,Public
5060,5,Public
5061,1,Public
5062,2,Public
5063,2,Public
5064,2,Public
5065,5,Public
5066,5,Public
5067,2,Public
5068,1,Public
5069,5,Public
5070,4,Public
5071,5,Public
5072,1,Public
5073,3,Public
5074,5,Public
5075,2,Public
5076,5,Public
5077,2,Public
5078,2,Public
5079,1,Public
5080,1,Public
5081,5,Public
5082,4,Public
5083,5,Public
5084,2,Public
5085,1,Public
5086,3,Public
5087,3,Public
5088,3,Public
5089,5,Public
5090,2,Public
5091,3,Public
5092,5,Public
5093,1,Public
5094,4,Public
5095,1,Public
5096,1,Public
5097,2,Public
5098,4,Public
5099,2,Public
5100,1,Public
5101,5,Public
5102,2,Public
5103,1,Public
5104,2,Public
5105,2,Public
5106,3,Public
5107,3,Public
5108,1,Public
5109,2,Public
5110,5,Public
5111,3,Public
5112,1,Public
5113,2,Public
5114,3,Public
5115,5,Public
5116,5,Public
5117,1,Public
5118,5,Public
5119,1,Public
5120,1,Public
5121,1,Public
5122,2,Public
5123,2,Public
5124,2,Public
5125,2,Public
5126,5,Public
5127,5,Public
5128,2,Public
5129,2,Public
5130,3,Public
5131,3,Public
5132,3,Public
5133,5,Public
5134,5,Public
5135,2,Public
5136,2,Public
5137,5,Public
5138,5,Public
5139,5,Public
5140,5,Public
5141,5,Public
5142,5,Public
5143,1,Public
5144,1,Public
5145,5,Public
5146,1,Public
5147,2,Public
5148,3,Public
5149,1,Public
5150,5,Public
5151,1,Public
5152,2,Public
5153,2,Public
5154,5,Public
5155,1,Public
5156,2,Public
5157,1,Public
5158,4,Public
5159,1,Public
5160,1,Public
5161,6,Public
5162,2,Public
5163,5,Public
5164,1,Public
5165,1,Public
5166,5,Public
5167,1,Public
5168,2,Public
5169,2,Public
5170,5,Public
5171,1,Public
5172,1,Public
5173,4,Public
5174,5,Public
5175,5,Public
5176,2,Public
5177,5,Public
5178,1,Public
5179,4,Public
5180,5,Public
5181,5,Public
5182,4,Public
5183,3,Public
5184,1,Public
5185,2,Public
5186,2,Public
5187,2,Public
5188,2,Public
5189,1,Public
5190,1,Public
5191,2,Public
5192,5,Public
5193,2,Public
5194,3,Public
5195,2,Public
5196,1,Public
5197,1,Public
5198,2,Public
5199,5,Public
5200,2,Public
5201,4,Public
5202,5,Public
5203,2,Public
5204,2,Public
5205,1,Public
5206,5,Public
5207,5,Public
5208,3,Public
5209,2,Public
5210,2,Public
5211,2,Public
5212,2,Public
5213,1,Public
5214,3,Public
5215,5,Public
5216,2,Public
5217,3,Public
5218,1,Public
5219,5,Public
5220,3,Public
5221,1,Public
5222,2,Public
5223,5,Public
5224,5,Public
5225,5,Public
5226,3,Public
5227,2,Public
5228,2,Public
5229,4,Public
5230,2,Public
5231,3,Public
5232,2,Public
5233,3,Public
5234,2,Public
5235,5,Public
5236,3,Public
5237,2,Public
5238,5,Public
5239,2,Public
5240,2,Public
5241,2,Public
5242,5,Public
5243,5,Public
5244,3,Public
5245,5,Public
5246,2,Public
5247,4,Public
5248,2,Public
5249,5,Public
5250,5,Public
5251,2,Public
5252,5,Public
5253,2,Public
5254,1,Public
5255,1,Public
5256,1,Public
5257,1,Public
5258,5,Public
5259,6,Public
5260,3,Public
5261,5,Public
5262,5,Public
5263,1,Public
5264,1,Public
5265,5,Public
5266,5,Public
5267,1,Public
5268,1,Public
5269,2,Public
5270,1,Public
5271,2,Public
5272,1,Public
5273,3,Public
5274,5,Public
5275,2,Public
5276,3,Public
5277,1,Public
5278,4,Public
5279,2,Public
5280,2,Public
5281,2,Public
5282,1,Public
5283,2,Public
5284,2,Public
5285,2,Public
5286,5,Public
5287,1,Public
5288,2,Public
5289,5,Public
5290,5,Public
5291,5,Public
5292,1,Public
5293,3,Public
5294,1,Public
5295,2,Public
5296,2,Public
5297,5,Public
5298,1,Public
5299,2,Public
5300,2,Public
5301,3,Public
5302,4,Public
5303,2,Public
5304,5,Public
5305,2,Public
5306,2,Public
5307,1,Public
5308,2,Public
5309,1,Public
5310,1,Public
5311,2,Public
5312,2,Public
5313,1,Public
5314,4,Public
5315,5,Public
5316,1,Public
5317,3,Public
5318,1,Public
5319,3,Public
5320,7,Public
5321,1,Public
5322,3,Public
5323,5,Public
5324,2,Public
5325,3,Public
5326,1,Public
5327,5,Public
5328,1,Public
5329,1,Public
5330,1,Public
5331,1,Public
5332,5,Public
5333,1,Public
5334,1,Public
5335,1,Public
5336,4,Public
5337,4,Public
5338,1,Public
5339,1,Public
5340,1,Public
5341,2,Public
5342,2,Public
5343,5,Public
5344,1,Public
5345,2,Public
5346,1,Public
5347,4,Public
5348,1,Public
5349,3,Public
5350,2,Public
5351,2,Public
5352,2,Public
5353,3,Public
5354,1,Public
5355,5,Public
5356,5,Public
5357,2,Public
5358,5,Public
5359,2,Public
5360,2,Public
5361,5,Public
5362,5,Public
5363,4,Public
5364,2,Public
5365,2,Public
5366,1,Public
5367,1,Public
5368,2,Public
5369,4,Public
5370,4,Public
5371,2,Public
5372,2,Public
5373,4,Public
5374,1,Public
5375,2,Public
5376,5,Public
5377,5,Public
5378,5,Public
5379,2,Public
5380,1,Public
5381,4,Public
5382,1,Public
5383,1,Public
5384,1,Public
5385,1,Public
5386,3,Public
5387,1,Public
5388,2,Public
5389,4,Public
5390,2,Public
5391,1,Public
5392,2,Public
5393,5,Public
5394,1,Public
5395,5,Public
5396,5,Public
5397,2,Public
5398,4,Public
5399,1,Public
5400,1,Public
5401,2,Public
5402,2,Public
5403,2,Public
5404,1,Public
5405,1,Public
5406,3,Public
5407,5,Public
5408,2,Public
5409,5,Public
5410,5,Public
5411,4,Public
5412,4,Public
5413,2,Public
5414,2,Public
5415,1,Public
5416,2,Public
5417,5,Public
5418,4,Public
5419,1,Public
5420,1,Public
5421,3,Public
5422,2,Public
5423,5,Public
5424,1,Public
5425,5,Public
5426,2,Public
5427,2,Public
5428,1,Public
5429,3,Public
5430,1,Public
5431,1,Public
5432,1,Public
5433,2,Public
5434,2,Public
5435,5,Public
5436,5,Public
5437,4,Public
5438,3,Public
5439,2,Public
5440,8,Public
5441,2,Public
5442,4,Public
5443,2,Public
5444,3,Public
5445,1,Public
5446,1,Public
5447,2,Public
5448,2,Public
5449,5,Public
5450,2,Public
5451,5,Public
5452,1,Public
5453,1,Public
5454,1,Public
5455,5,Public
5456,1,Public
5457,1,Public
5458,2,Public
5459,4,Public
5460,1,Public
5461,5,Public
5462,1,Public
5463,5,Public
5464,2,Public
5465,2,Public
5466,2,Public
5467,1,Public
5468,2,Public
5469,2,Public
5470,1,Public
5471,1,Public
5472,2,Public
5473,2,Public
5474,1,Public
5475,1,Public
5476,3,Public
5477,1,Public
5478,2,Public
5479,1,Public
5480,5,Public
5481,1,Public
5482,3,Public
5483,5,Public
5484,1,Public
5485,5,Public
5486,2,Public
5487,2,Public
5488,2,Public
5489,2,Public
5490,3,Public
5491,4,Public
5492,2,Public
5493,1,Public
5494,1,Public
5495,3,Public
5496,1,Public
5497,1,Public
5498,5,Public
5499,1,Public
5500,4,Public
5501,1,Public
5502,2,Public
5503,2,Public
5504,1,Public
5505,2,Public
5506,1,Public
5507,1,Public
5508,2,Public
5509,5,Public
5510,5,Public
5511,2,Public
5512,2,Public
5513,2,Public
5514,1,Public
5515,5,Public
5516,5,Public
5517,1,Public
5518,2,Public
5519,5,Public
5520,5,Public
5521,1,Public
5522,1,Public
5523,4,Public
5524,3,Public
5525,1,Public
5526,1,Public
5527,1,Public
5528,5,Public
5529,1,Public
5530,1,Public
5531,5,Public
5532,2,Public
5533,1,Public
5534,5,Public
5535,5,Public
5536,1,Public
5537,5,Public
5538,5,Public
5539,3,Public
5540,3,Public
5541,1,Public
5542,3,Public
5543,2,Public
5544,2,Public
5545,1,Public
5546,1,Public
5547,8,Public
5548,2,Public
5549,1,Public
5550,1,Public
5551,5,Public
5552,5,Public
5553,2,Public
5554,2,Public
5555,1,Public
5556,2,Public
5557,1,Public
5558,1,Public
5559,1,Public
5560,2,Public
5561,1,Public
5562,1,Public
5563,1,Public
5564,1,Public
5565,2,Public
5566,3,Public
5567,1,Public
5568,1,Public
5569,1,Public
5570,8,Public
5571,5,Public
5572,5,Public
5573,5,Public
5574,5,Public
5575,5,Public
5576,3,Public
5577,1,Public
5578,5,Public
5579,5,Public
5580,1,Public
5581,3,Public
5582,2,Public
5583,1,Public
5584,2,Public
5585,5,Public
5586,2,Public
5587,2,Public
5588,1,Public
5589,4,Public
5590,1,Public
5591,1,Public
5592,1,Public
5593,2,Public
5594,4,Public
5595,1,Public
5596,2,Public
5597,5,Public
5598,2,Public
5599,2,Public
5600,1,Public
5601,2,Public
5602,1,Public
5603,5,Public
5604,1,Public
5605,3,Public
5606,1,Public
5607,5,Public
5608,1,Public
5609,5,Public
5610,3,Public
5611,2,Public
5612,2,Public
5613,1,Public
5614,5,Public
5615,5,Public
5616,2,Public
5617,1,Public
5618,4,Public
5619,2,Public
5620,5,Public
5621,2,Public
5622,5,Public
5623,2,Public
5624,2,Public
5625,2,Public
5626,1,Public
5627,3,Public
5628,5,Public
5629,1,Public
5630,2,Public
5631,1,Public
5632,2,Public
5633,2,Public
5634,2,Public
5635,1,Public
5636,5,Public
5637,2,Public
5638,3,Public
5639,1,Public
5640,4,Public
5641,5,Public
5642,2,Public
5643,2,Public
5644,1,Public
5645,2,Public
5646,1,Public
5647,1,Public
5648,1,Public
5649,5,Public
5650,2,Public
5651,5,Public
5652,2,Public
5653,2,Public
5654,1,Public
5655,5,Public
5656,2,Public
5657,4,Public
5658,2,Public
5659,1,Public
5660,2,Public
5661,2,Public
5662,1,Public
5663,1,Public
5664,2,Public
5665,6,Public
5666,4,Public
5667,5,Public
5668,5,Public
5669,5,Public
5670,1,Public
5671,1,Public
5672,1,Public
5673,5,Public
5674,3,Public
5675,3,Public
5676,5,Public
5677,1,Public
5678,2,Public
5679,3,Public
5680,1,Public
5681,2,Public
5682,3,Public
5683,1,Public
5684,2,Public
5685,1,Public
5686,1,Public
5687,3,Public
5688,6,Public
5689,5,Public
5690,5,Public
5691,3,Public
5692,2,Public
5693,5,Public
5694,2,Public
5695,2,Public
5696,5,Public
5697,2,Public
5698,2,Public
5699,1,Public
5700,2,Public
5701,2,Public
5702,2,Public
5703,1,Public
5704,5,Public
5705,5,Public
5706,2,Public
5707,5,Public
5708,1,Public
5709,1,Public
5710,1,Public
5711,1,Public
5712,2,Public
5713,4,Public
5714,1,Public
5715,1,Public
5716,2,Public
5717,5,Public
5718,3,Public
5719,3,Public
5720,2,Public
5721,3,Public
5722,5,Public
5723,1,Public
5724,1,Public
5725,2,Public
5726,2,Public
5727,2,Public
5728,3,Public
5729,3,Public
5730,4,Public
5731,1,Public
5732,1,Public
5733,5,Public
5734,2,Public
5735,1,Public
5736,1,Public
5737,5,Public
5738,1,Public
5739,1,Public
5740,2,Public
5741,1,Public
5742,2,Public
5743,2,Public
5744,1,Public
5745,2,Public
5746,3,Public
5747,1,Public
5748,3,Public
5749,5,Public
5750,3,Public
5751,5,Public
5752,2,Public
5753,2,Public
5754,2,Public
5755,2,Public
5756,5,Public
5757,6,Public
5758,4,Public
5759,5,Public
5760,5,Public
5761,4,Public
5762,1,Public
5763,1,Public
5764,3,Public
5765,2,Public
5766,2,Public
5767,1,Public
5768,2,Public
5769,5,Public
5770,3,Public
5771,2,Public
5772,5,Public
5773,2,Public
5774,1,Public
5775,1,Public
5776,1,Public
5777,4,Public
5778,1,Public
5779,2,Public
5780,2,Public
5781,1,Public
5782,2,Public
5783,1,Public
5784,2,Public
5785,1,Public
5786,2,Public
5787,3,Public
5788,3,Public
5789,2,Public
5790,2,Public
5791,1,Public
5792,5,Public
5793,5,Public
5794,5,Public
5795,5,Public
5796,3,Public
5797,5,Public
5798,1,Public
5799,4,Public
5800,1,Public
5801,1,Public
5802,1,Public
5803,2,Public
5804,2,Public
5805,1,Public
5806,1,Public
5807,2,Public
5808,1,Public
5809,1,Public
5810,3,Public
5811,4,Public
5812,2,Public
5813,5,Public
5814,1,Public
5815,3,Public
5816,2,Public
5817,5,Public
5818,5,Public
5819,2,Public
5820,2,Public
5821,2,Public
5822,5,Public
5823,2,Public
5824,2,Public
5825,2,Public
5826,3,Public
5827,1,Public
5828,1,Public
5829,4,Public
5830,1,Public
5831,5,Public
5832,2,Public
5833,5,Public
5834,2,Public
5835,2,Public
5836,2,Public
5837,5,Public
5838,3,Public
5839,2,Public
5840,3,Public
5841,2,Public
5842,1,Public
5843,8,Public
5844,2,Public
5845,1,Public
5846,3,Public
5847,5,Public
5848,5,Public
5849,1,Public
5850,2,Public
5851,1,Public
5852,5,Public
5853,1,Public
5854,2,Public
5855,2,Public
5856,6,Public
5857,3,Public
5858,5,Public
5859,5,Public
5860,5,Public
5861,5,Public
5862,1,Public
5863,3,Public
5864,3,Public
5865,3,Public
5866,1,Public
5867,5,Public
5868,2,Public
5869,5,Public
5870,5,Public
5871,5,Public
5872,2,Public
5873,2,Public
5874,2,Public
5875,5,Public
5876,5,Public
5877,1,Public
5878,1,Public
5879,2,Public
5880,1,Public
5881,1,Public
5882,1,Public
5883,2,Public
5884,3,Public
5885,1,Public
5886,1,Public
5887,2,Public
5888,5,Public
5889,5,Public
5890,2,Public
5891,3,Public
5892,2,Public
5893,2,Public
5894,2,Public
5895,3,Public
5896,1,Public
5897,2,Public
5898,5,Public
5899,4,Public
5900,5,Public
5901,2,Public
5902,4,Public
5903,3,Public
5904,2,Public
5905,3,Public
5906,2,Public
5907,1,Public
5908,2,Public
5909,5,Public
5910,4,Public
5911,2,Public
5912,2,Public
5913,1,Public
5914,5,Public
5915,2,Public
5916,5,Public
5917,1,Public
5918,2,Public
5919,5,Public
5920,4,Public
5921,2,Public
5922,2,Public
5923,2,Public
5924,1,Public
5925,2,Public
5926,2,Public
5927,1,Public
5928,5,Public
5929,2,Public
5930,1,Public
5931,1,Public
5932,1,Public
5933,3,Public
5934,2,Public
5935,6,Public
5936,5,Public
5937,1,Public
5938,1,Public
5939,5,Public
5940,3,Public
5941,2,Public
5942,5,Public
5943,1,Public
5944,5,Public
5945,1,Public
5946,1,Public
5947,3,Public
5948,1,Public
5949,2,Public
5950,1,Public
5951,2,Public
5952,1,Public
5953,1,Public
5954,1,Public
5955,2,Public
5956,2,Public
5957,5,Public
5958,2,Public
5959,5,Public
5960,2,Public
5961,2,Public
5962,1,Public
5963,5,Public
5964,1,Public
5965,5,Public
5966,5,Public
5967,2,Public
5968,4,Public
5969,1,Public
5970,1,Public
5971,1,Public
5972,2,Public
5973,2,Public
5974,5,Public
5975,3,Public
5976,2,Public
5977,4,Public
5978,5,Public
5979,2,Public
5980,1,Public
5981,1,Public
5982,4,Public
5983,3,Public
5984,4,Public
5985,5,Public
5986,1,Public
5987,2,Public
5988,1,Public
5989,1,Public
5990,1,Public
5991,1,Public
5992,1,Public
5993,3,Public
5994,5,Public
5995,2,Public
5996,1,Public
5997,2,Public
5998,1,Public
5999,5,Public
6000,5,Public
6001,2,Public
6002,1,Public
6003,1,Public
6004,1,Public
6005,2,Public
6006,1,Public
6007,1,Public
6008,2,Public
6009,3,Public
6010,5,Public
6011,1,Public
6012,3,Public
6013,2,Public
6014,4,Public
6015,5,Public
6016,2,Public
6017,1,Public
6018,2,Public
6019,1,Public
6020,2,Public
6021,5,Public
6022,4,Public
6023,3,Public
6024,5,Public
6025,1,Public
6026,1,Public
6027,1,Public
6028,1,Public
6029,5,Public
6030,1,Public
6031,5,Public
6032,5,Public
6033,5,Public
6034,1,Public
6035,3,Public
6036,3,Public
6037,2,Public
6038,2,Public
6039,7,Public
6040,1,Public
6041,2,Public
6042,5,Public
6043,1,Public
6044,2,Public
6045,1,Public
6046,5,Public
6047,1,Public
6048,1,Public
6049,5,Public
6050,5,Public
6051,1,Public
6052,3,Public
6053,1,Public
6054,3,Public
6055,2,Public
6056,2,Public
6057,5,Public
6058,5,Public
6059,5,Public
6060,2,Public
6061,1,Public
6062,1,Public
6063,1,Public
6064,2,Public
6065,2,Public
6066,3,Public
6067,1,Public
6068,1,Public
6069,1,Public
6070,5,Public
6071,5,Public
6072,1,Public
6073,1,Public
6074,3,Public
6075,1,Public
6076,5,Public
6077,2,Public
6078,2,Public
6079,1,Public
6080,1,Public
6081,2,Public
6082,1,Public
6083,5,Public
6084,2,Public
6085,5,Public
6086,3,Public
6087,1,Public
6088,3,Public
6089,1,Public
6090,2,Public
6091,2,Public
6092,4,Public
6093,1,Public
6094,4,Public
6095,5,Public
6096,5,Public
6097,2,Public
6098,2,Public
6099,3,Public
6100,2,Public
6101,1,Public
6102,3,Public
6103,1,Public
6104,4,Public
6105,3,Public
6106,5,Public
6107,3,Public
6108,1,Public
6109,1,Public
6110,1,Public
6111,2,Public
6112,1,Public
6113,1,Public
6114,5,Public
6115,1,Public
6116,6,Public
6117,1,Public
6118,5,Public
6119,2,Public
6120,2,Public
6121,2,Public
6122,3,Public
6123,1,Public
6124,1,Public
6125,1,Public
6126,4,Public
6127,1,Public
6128,1,Public
6129,2,Public
6130,2,Public
6131,4,Public
6132,2,Public
6133,2,Public
6134,1,Public
6135,2,Public
6136,5,Public
6137,2,Public
6138,8,Public
6139,3,Public
6140,3,Public
6141,3,Public
6142,5,Public
6143,1,Public
6144,1,Public
6145,1,Public
6146,5,Public
6147,5,Public
6148,5,Public
6149,3,Public
6150,1,Public
6151,5,Public
6152,1,Public
6153,4,Public
6154,5,Public
6155,2,Public
6156,2,Public
6157,3,Public
6158,1,Public
6159,2,Public
6160,5,Public
6161,1,Public
6162,1,Public
6163,1,Public
6164,3,Public
6165,2,Public
6166,2,Public
6167,1,Public
6168,5,Public
6169,2,Public
6170,1,Public
6171,5,Public
6172,1,Public
6173,1,Public
6174,1,Public
6175,2,Public
6176,3,Public
6177,1,Public
6178,1,Public
6179,5,Public
6180,1,Public
6181,2,Public
6182,5,Public
6183,2,Public
6184,3,Public
6185,1,Public
6186,5,Public
6187,2,Public
6188,2,Public
6189,1,Public
6190,2,Public
6191,5,Public
6192,2,Public
6193,1,Public
6194,1,Public
6195,3,Public
6196,5,Public
6197,5,Public
6198,1,Public
6199,2,Public
6200,1,Public
6201,2,Public
6202,6,Public
6203,3,Public
6204,1,Public
6205,1,Public
6206,5,Public
6207,1,Public
6208,1,Public
6209,2,Public
6210,2,Public
6211,2,Public
6212,2,Public
6213,5,Public
6214,4,Public
6215,2,Public
6216,5,Public
6217,2,Public
6218,5,Public
6219,2,Public
6220,2,Public
6221,5,Public
6222,3,Public
6223,1,Public
6224,2,Public
6225,4,Public
6226,2,Public
6227,2,Public
6228,2,Public
6229,7,Public
6230,5,Public
6231,1,Public
6232,5,Public
6233,2,Public
6234,1,Public
6235,3,Public
6236,2,Public
6237,4,Public
6238,1,Public
6239,1,Public
6240,1,Public
6241,1,Public
6242,5,Public
6243,5,Public
6244,2,Public
6245,2,Public
6246,1,Public
6247,1,Public
6248,1,Public
6249,1,Public
6250,2,Public
6251,1,Public
6252,5,Public
6253,1,Public
6254,6,Public
6255,2,Public
6256,2,Public
6257,5,Public
6258,1,Public
6259,5,Public
6260,5,Public
6261,2,Public
6262,8,Public
6263,5,Public
6264,5,Public
6265,1,Public
6266,4,Public
6267,3,Public
6268,1,Public
6269,1,Public
6270,2,Public
6271,1,Public
6272,5,Public
6273,1,Public
6274,5,Public
6275,4,Public
6276,2,Public
6277,6,Public
6278,5,Public
6279,3,Public
6280,1,Public
6281,6,Public
6282,3,Public
6283,1,Public
6284,2,Public
6285,1,Public
6286,1,Public
6287,3,Public
6288,1,Public
6289,3,Public
6290,5,Public
6291,3,Public
6292,1,Public
6293,2,Public
6294,5,Public
6295,1,Public
6296,3,Public
6297,2,Public
6298,5,Public
6299,5,Public
6300,2,Public
6301,2,Public
6302,5,Public
6303,5,Public
6304,1,Public
6305,5,Public
6306,1,Public
6307,5,Public
6308,1,Public
6309,5,Public
6310,5,Public
6311,1,Public
6312,5,Public
6313,1,Public
6314,1,Public
6315,2,Public
6316,5,Public
6317,5,Public
6318,4,Public
6319,5,Public
6320,5,Public
6321,1,Public
6322,1,Public
6323,5,Public
6324,5,Public
6325,2,Public
6326,1,Public
6327,3,Public
6328,4,Public
6329,1,Public
6330,2,Public
6331,2,Public
6332,2,Public
6333,5,Public
6334,5,Public
6335,1,Public
6336,5,Public
6337,5,Public
6338,2,Public
6339,5,Public
6340,3,Public
6341,1,Public
6342,1,Public
6343,1,Public
6344,2,Public
6345,5,Public
6346,1,Public
6347,2,Public
6348,1,Public
6349,1,Public
6350,2,Public
6351,3,Public
6352,5,Public
6353,5,Public
6354,2,Public
6355,2,Public
6356,5,Public
6357,2,Public
6358,2,Public
6359,2,Public
6360,5,Public
6361,1,Public
6362,5,Public
6363,1,Public
6364,5,Public
6365,5,Public
6366,2,Public
6367,2,Public
6368,1,Public
6369,4,Public
6370,2,Public
6371,5,Public
6372,6,Public
6373,3,Public
6374,2,Public
6375,6,Public
6376,6,Public
6377,1,Public
6378,2,Public
6379,8,Public
6380,1,Public
6381,2,Public
6382,5,Public
6383,5,Public
6384,5,Public
6385,4,Public
6386,2,Public
6387,1,Public
6388,2,Public
6389,2,Public
6390,3,Public
6391,5,Public
6392,1,Public
6393,2,Public
6394,2,Public
6395,3,Public
6396,5,Public
6397,2,Public
6398,2,Public
6399,1,Public
6400,1,Public
6401,1,Public
6402,1,Public
6403,5,Public
6404,4,Public
6405,1,Public
6406,1,Public
6407,3,Public
6408,1,Public
6409,3,Public
6410,2,Public
6411,1,Public
6412,2,Public
6413,1,Public
6414,4,Public
6415,5,Public
6416,1,Public
6417,2,Public
6418,3,Public
6419,5,Public
6420,1,Public
6421,2,Public
6422,1,Public
6423,2,Public
6424,2,Public
6425,1,Public
6426,3,Public
6427,1,Public
6428,5,Public
6429,1,Public
6430,2,Public
6431,4,Public
6432,1,Public
6433,1,Public
6434,5,Public
6435,5,Public
6436,1,Public
6437,3,Public
6438,4,Public
6439,4,Public
6440,2,Public
6441,2,Public
6442,2,Public
6443,2,Public
6444,1,Public
6445,5,Public
6446,4,Public
6447,4,Public
6448,2,Public
6449,1,Public
6450,5,Public
6451,1,Public
6452,5,Public
6453,1,Public
6454,5,Public
6455,5,Public
6456,2,Public
6457,5,Public
6458,2,Public
6459,5,Public
6460,1,Public
6461,4,Public
6462,1,Public
6463,1,Public
6464,3,Public
6465,3,Public
6466,1,Public
6467,5,Public
6468,1,Public
6469,5,Public
6470,2,Public
6471,1,Public
6472,5,Public
6473,2,Public
6474,2,Public
6475,3,Public
6476,3,Public
6477,2,Public
6478,1,Public
6479,5,Public
6480,5,Public
6481,2,Public
6482,5,Public
6483,3,Public
6484,5,Public
6485,5,Public
6486,5,Public
6487,2,Public
6488,2,Public
6489,5,Public
6490,1,Public
6491,1,Public
6492,1,Public
6493,3,Public
6494,2,Public
6495,1,Public
6496,3,Public
6497,2,Public
6498,1,Public
6499,1,Public
6500,2,Public
6501,5,Public
6502,5,Public
6503,1,Public
6504,5,Public
6505,1,Public
6506,1,Public
6507,5,Public
6508,5,Public
6509,2,Public
6510,5,Public
6511,5,Public
6512,2,Public
6513,4,Public
6514,1,Public
6515,5,Public
6516,5,Public
6517,3,Public
6518,5,Public
6519,4,Public
6520,1,Public
6521,5,Public
6522,5,Public
6523,5,Public
6524,5,Public
6525,5,Public
6526,1,Public
6527,1,Public
6528,2,Public
6529,2,Public
6530,2,Public
6531,6,Public
6532,2,Public
6533,2,Public
6534,2,Public
6535,2,Public
6536,2,Public
6537,2,Public
6538,1,Public
6539,2,Public
6540,1,Public
6541,3,Public
6542,1,Public
6543,3,Public
6544,2,Public
6545,5,Public
6546,5,Public
6547,1,Public
6548,2,Public
6549,4,Public
6550,2,Public
6551,2,Public
6552,1,Public
6553,5,Public
6554,5,Public
6555,5,Public
6556,1,Public
6557,3,Public
6558,2,Public
6559,1,Public
6560,1,Public
6561,2,Public
6562,5,Public
6563,2,Public
6564,5,Public
6565,6,Public
6566,5,Public
6567,3,Public
6568,4,Public
6569,6,Public
6570,2,Public
6571,2,Public
6572,1,Public
6573,2,Public
6574,1,Public
6575,1,Public
6576,2,Public
6577,5,Public
6578,2,Public
6579,2,Public
6580,2,Public
6581,2,Public
6582,2,Public
6583,5,Public
6584,1,Public
6585,2,Public
6586,1,Public
6587,2,Public
6588,5,Public
6589,6,Public
6590,1,Public
6591,1,Public
6592,1,Public
6593,2,Public
6594,1,Public
6595,5,Public
6596,5,Public
6597,2,Public
6598,2,Public
6599,2,Public
6600,2,Public
6601,2,Public
6602,3,Public
6603,2,Public
6604,1,Public
6605,2,Public
6606,2,Public
6607,4,Public
6608,2,Public
6609,2,Public
6610,1,Public
6611,1,Public
6612,1,Public
6613,5,Public
6614,1,Public
6615,1,Public
6616,3,Public
6617,5,Public
6618,2,Public
6619,5,Public
6620,3,Public
6621,1,Public
6622,1,Public
6623,3,Public
6624,1,Public
6625,5,Public
6626,1,Public
6627,1,Public
6628,5,Public
6629,5,Public
6630,6,Public
6631,5,Public
6632,3,Public
6633,5,Public
6634,1,Public
6635,2,Public
6636,1,Public
6637,5,Public
6638,4,Public
6639,2,Public
6640,1,Public
6641,2,Public
6642,2,Public
6643,1,Public
6644,1,Public
6645,4,Public
6646,5,Public
6647,2,Public
6648,1,Public
6649,2,Public
6650,3,Public
6651,3,Public
6652,1,Public
6653,2,Public
6654,1,Public
6655,5,Public
6656,3,Public
6657,2,Public
6658,1,Public
6659,5,Public
6660,1,Public
6661,4,Public
6662,1,Public
6663,1,Public
6664,3,Public
6665,3,Public
6666,4,Public
6667,3,Public
6668,2,Public
6669,1,Public
6670,1,Public
6671,3,Public
6672,5,Public
6673,1,Public
6674,3,Public
6675,2,Public
6676,1,Public
6677,1,Public
6678,1,Public
6679,3,Public
6680,1,Public
6681,5,Public
6682,5,Public
6683,3,Public
6684,1,Public
6685,5,Public
6686,1,Public
6687,3,Public
6688,1,Public
6689,2,Public
6690,2,Public
6691,2,Public
6692,3,Public
6693,2,Public
6694,2,Public
6695,2,Public
6696,2,Public
6697,1,Public
6698,5,Public
6699,2,Public
6700,2,Public
6701,5,Public
6702,5,Public
6703,5,Public
6704,1,Public
6705,5,Public
6706,5,Public
6707,5,Public
6708,1,Public
6709,1,Public
6710,5,Public
6711,3,Public
6712,5,Public
6713,3,Public
6714,5,Public
6715,1,Public
6716,2,Public
6717,3,Public
6718,1,Public
6719,2,Public
6720,2,Public
6721,3,Public
6722,2,Public
6723,2,Public
6724,3,Public
6725,1,Public
6726,2,Public
6727,1,Public
6728,2,Public
6729,5,Public
6730,5,Public
6731,5,Public
6732,5,Public
6733,5,Public
6734,1,Public
6735,5,Public
6736,5,Public
6737,5,Public
6738,7,Public
6739,2,Public
6740,5,Public
6741,4,Public
6742,2,Public
6743,2,Public
6744,8,Public
6745,2,Public
6746,2,Public
6747,1,Public
6748,5,Public
6749,1,Public
6750,1,Public
6751,5,Public
6752,1,Public
6753,2,Public
6754,1,Public
6755,3,Public
6756,2,Public
6757,2,Public
6758,1,Public
6759,1,Public
6760,1,Public
6761,3,Public
6762,3,Public
6763,2,Public
6764,4,Public
6765,2,Public
6766,1,Public
6767,5,Public
6768,2,Public
6769,3,Public
6770,3,Public
6771,5,Public
6772,1,Public
6773,1,Public
6774,1,Public
6775,2,Public
6776,4,Public
6777,1,Public
6778,1,Public
6779,5,Public
6780,3,Public
6781,1,Public
6782,1,Public
6783,3,Public
6784,1,Public
6785,2,Public
6786,5,Public
6787,3,Public
6788,2,Public
6789,2,Public
6790,3,Public
6791,3,Public
6792,2,Public
6793,5,Public
6794,5,Public
6795,1,Public
6796,1,Public
6797,2,Public
6798,2,Public
6799,1,Public
6800,5,Public
6801,2,Public
6802,1,Public
6803,5,Public
6804,2,Public
6805,5,Public
6806,1,Public
6807,3,Public
6808,1,Public
6809,2,Public
6810,5,Public
6811,6,Public
6812,1,Public
6813,1,Public
6814,3,Public
6815,5,Public
6816,3,Public
6817,1,Public
6818,5,Public
6819,5,Public
6820,2,Public
6821,2,Public
6822,1,Public
6823,2,Public
6824,2,Public
6825,2,Public
6826,5,Public
6827,5,Public
6828,4,Public
6829,1,Public
6830,2,Public
6831,2,Public
6832,3,Public
6833,4,Public
6834,5,Public
6835,5,Public
6836,1,Public
6837,2,Public
6838,2,Public
6839,2,Public
6840,1,Public
6841,3,Public
6842,2,Public
6843,5,Public
6844,7,Public
6845,3,Public
6846,3,Public
6847,1,Public
6848,2,Public
6849,5,Public
6850,5,Public
6851,1,Public
6852,5,Public
6853,6,Public
6854,1,Public
6855,1,Public
6856,1,Public
6857,1,Public
6858,2,Public
6859,1,Public
6860,1,Public
6861,1,Public
6862,2,Public
6863,8,Public
6864,1,Public
6865,3,Public
6866,2,Public
6867,4,Public
6868,5,Public
6869,2,Public
6870,3,Public
6871,3,Public
6872,4,Public
6873,5,Public
6874,1,Public
6875,8,Public
6876,2,Public
6877,2,Public
6878,2,Public
6879,5,Public
6880,2,Public
6881,3,Public
6882,2,Public
6883,1,Public
6884,1,Public
6885,5,Public
6886,3,Public
6887,5,Public
6888,2,Public
6889,5,Public
6890,1,Public
6891,1,Public
6892,2,Public
6893,2,Public
6894,3,Public
6895,1,Public
6896,5,Public
6897,5,Public
6898,2,Public
6899,2,Public
6900,1,Public
6901,4,Public
6902,6,Public
6903,1,Public
6904,2,Public
6905,3,Public
6906,2,Public
6907,3,Public
6908,1,Public
6909,1,Public
6910,5,Public
6911,7,Public
6912,1,Public
6913,3,Public
6914,2,Public
6915,1,Public
6916,2,Public
6917,4,Public
6918,2,Public
6919,4,Public
6920,5,Public
6921,5,Public
6922,5,Public
6923,2,Public
6924,3,Public
6925,4,Public
6926,1,Public
6927,3,Public
6928,1,Public
6929,1,Public
6930,5,Public
6931,2,Public
6932,2,Public
6933,2,Public
6934,5,Public
6935,1,Public
6936,2,Public
6937,2,Public
6938,3,Public
6939,3,Public
6940,5,Public
6941,2,Public
6942,2,Public
6943,5,Public
6944,3,Public
6945,5,Public
6946,4,Public
6947,1,Public
6948,1,Public
6949,5,Public
6950,6,Public
6951,2,Public
6952,2,Public
6953,5,Public
6954,5,Public
6955,4,Public
6956,3,Public
6957,4,Public
6958,1,Public
6959,2,Public
6960,1,Public
6961,8,Public
6962,3,Public
6963,2,Public
6964,3,Public
6965,2,Public
6966,5,Public
6967,3,Public
6968,2,Public
6969,1,Public
6970,5,Public
6971,5,Public
6972,5,Public
6973,1,Public
6974,3,Public
6975,3,Public
6976,5,Public
6977,3,Public
6978,3,Public
6979,1,Public
6980,1,Public
6981,1,Public
6982,3,Public
6983,2,Public
6984,5,Public
6985,5,Public
6986,5,Public
6987,1,Public
6988,2,Public
6989,1,Public
6990,3,Public
6991,1,Public
6992,5,Public
6993,5,Public
6994,2,Public
6995,1,Public
6996,5,Public
6997,5,Public
6998,5,Public
6999,5,Public
7000,4,Public
